Id,Violation
16721406,"Cipher.getInstance(""AES/CBC/PKCS5Padding"""
115540,"Cipher.getInstance(""DES/CBC/NoPadding"""
63609617,Cipher.getInstance(&quot;AES/CBC/PKCS5PADDING&quot;
62001716,Cipher.getInstance(&quot;AES/CBC/PKCS7Padding&quot;
63354456,Cipher.getInstance(&quot;AES/CBC/PKCS5PADDING&quot;
62449449,Cipher.getInstance(&quot;AES/CBC/PKCS5Padding&quot;
18031179,"Cipher.getInstance(""AES/CBC/PKCS5Padding"""
21496467,"Cipher.getInstance(""AES"""
22358653,"Cipher.getInstance(""AES/CBC/PKCS5Padding"""
55290792,"Cipher.getInstance(""AES/CBC/PKCS5Padding"""
22589960,"Cipher.getInstance(""AES/CBC/PKCS5Padding"""
58621817,"Cipher.getInstance(""AES/CBC/NoPadding"""
58724218,"Cipher.getInstance(""AES/CBC/PKCS5Padding"""
44632458,"Cipher.getInstance(""AES/CBC/PKCS5Padding"""
44639366,"Cipher.getInstance(""AES/CBC/PKCS5Padding"""
46323505,"Cipher.getInstance(""AES/CBC/PKCS5Padding"""
45242387,"Cipher.getInstance(""AES/CBC/PKCS5Padding"""
24498252,"Cipher.getInstance(""AES/CBC/NoPadding"""
24973265,"Cipher.getInstance(""AES/CBC/PKCS5Padding"""
25069053,"Cipher.getInstance(""AES/CFB/NoPadding"", ""SC"""
40673746,"Cipher.getInstance(""AES/CBC/NoPadding"""
41673845,"Cipher.getInstance(""AES"""
28301697,"Cipher.getInstance(""AES/CBC/NoPadding"""
42179694,"Cipher.getInstance(""AES"""
29603246,"Cipher.getInstance(""AES/CBC/NoPadding"""
35220647,"Cipher.getInstance(""AES/CBC/NoPadding"""
35926771,"Cipher.getInstance(""AES/CBC/PKCS5Padding"""
34133679,"Cipher.getInstance(""AES/CBC/PKCS7PADDING"""
34188763,"Cipher.getInstance(""AES/CBC/PKCS5Padding"""
31293837,"Cipher.getInstance(""AES/ECB/PKCS5Padding"""
33803539,"Cipher.getInstance(""AES/CBC/NoPadding"", BouncyCastleProvider.PROVIDER_NAME"
32565922,"Cipher.getInstance(""AES/CBC/PKCS5Padding"""
56808655,Cipher.getInstance(&quot;DES/CBC/PKCS7Padding&quot;
33855084,"Cipher.getInstance(""AES/CBC/PKCS5Padding"""
35045068,"Cipher.getInstance(""AES/CBC/PKCS5Padding"""
39280323,"Cipher.getInstance(""AES/CBC/PKCS5Padding"""
39684624,"Cipher.getInstance(""AES/CBC/PKCS5PADDING"""
42253705,"Cipher.getInstance(""AES/CBC/PKCS5Padding"""
42404777,"Cipher.getInstance(""AES/CBC/NoPadding"""
42455879,"Cipher.getInstance(""AES/CBC/PKCS5Padding"""
43890793,"Cipher.getInstance(""AES/CBC/PKCS5Padding"""
49438395,"Cipher.getInstance(""AES/CBC/PKCS7PADDING"""
49712917,"Cipher.getInstance(""RSA/ECB/PKCS1Padding"""
48197100,"Cipher.getInstance(""AES/CBC/PKCS5Padding"""
48337720,"Cipher.GetInstance(""AES/CBC/PKCS5Padding"""
49306153,"Cipher.getInstance(""AES/CBC/PKCS5Padding"""
50322964,"Cipher.getInstance(""AES/CBC/PKCS5Padding"", ""SunJCE"""
50925146,Cipher.getInstance(&quot;AES/CBC/PKCS5PADDING&quot;
51117730,"Cipher.getInstance(""AES/CBC/NoPadding"""
52517229,"Cipher.getInstance(""AES/CBC/PKCS5PADDING"""
52561526,"Cipher.getInstance(""AES/CBC/PKCS5Padding"""
53707184,"Cipher.getInstance(""AES/CTR/PKCS5PADDING"""
54197420,"Cipher.getInstance(""AES/CBC/PKCS5Padding"""
54607147,"Cipher.getInstance(""AES"""
54677496,"Cipher.getInstance(""AES/CBC/PKCS5Padding"""
17180353,"Cipher.getInstance(""RSA"", ""BC"""
55389183,"Cipher.getInstance(""AES/CBC/PKCS5Padding"", ""SunJCE"""
55448871,"Cipher.getInstance(""AES/CBC/PKCS5Padding"""
59535323,"Cipher.getInstance(""AES/CBC/PKCS5Padding"""
60428581,"Cipher.getInstance(""AES/CBC/PKCS5PADDING"""
61203214,"Cipher.getInstance(""AES/CBC/PKCS5PADDING"""
61640465,Cipher.getInstance(&quot;AES/CBC/PKCS5Padding&quot;
7024907,"Cipher.getInstance(""AES/CBC/NoPadding"""
7094777,"Cipher.getInstance(""AES/CBC/PKCS5Padding"""
7108402,"Cipher.getInstance(""AES/CBC/PKCS5Padding"""
62721941,Cipher.getInstance(&quot;AES/CBC/PKCS5Padding&quot;
62816614,Cipher.getInstance(&quot;AES/CBC/PKCS5Padding
62905052,Cipher.getInstance(&quot;AES/CBC/PKCS5Padding&quot;
63601942,Cipher.getInstance(&quot;AES/CBC/NoPadding&quot;
63674785,Cipher.getInstance(&quot;AES/CBC/PKCS5Padding&quot;
63926787,Cipher.getInstance(&quot;AES/CBC/PKCS5Padding&quot;
63929570,Cipher.getInstance(&quot;AES/CBC/PKCS5PADDING&quot;
64115916,Cipher.getInstance(&quot;AES/CBC/PKCS5Padding&quot;
64387904,Cipher.getInstance(&quot;AES/CBC/PKCS5Padding&quot;
64450338,Cipher.getInstance(&quot;AES/CBC/PKCS5Padding&quot;
64466482,Cipher.getInstance(&quot;AES/CBC/PKCS5Padding&quot;
64497576,Cipher.getInstance(&quot;AES/CBC/PKCS5Padding&quot;
66742985,Cipher.getInstance(&quot;AES/CBC/NoPadding&quot;
66843723,Cipher.getInstance(&quot;AES/CBC/PKCS5PADDING&quot;
69227565,Cipher.getInstance(&quot;AES/CBC/PKCS5Padding&quot;
70393414,Cipher.getInstance(&quot;AES/CBC/NoPadding&quot;
1440030,"Cipher.getInstance(""AES/CBC/PKCS5Padding"""
4004836,"Cipher.getInstance(""AES/CBC/PKCS5Padding"""
5364485,"Cipher.getInstance(""AES/CBC/PKCS5Padding"""
9941263,"Cipher.getInstance(""AES/CBC/PKCS7Padding"""
6784088,"Cipher.getInstance(""AES"""
8763597,"Cipher.getInstance(""AES/CBC/PKCS5PADDING"""
9417092,"Cipher.getInstance(""AES/CBC/PKCS5Padding"""
10268832,"Cipher.getInstance(""AES/CBC/PKCS5Padding"""
13419702,"Cipher.getInstance(""AES/CBC/PKCS5Padding"""
13923672,"Cipher.getInstance(""AES/CBC/PKCS5Padding"""
13926513,"Cipher.getInstance(""AES/CBC/PKCS5Padding"""
62116465,"Cipher.getInstance(""AES/CBC/PKCS5PADDING"""
15689291,"Cipher.getInstance(""AES/CBC/PKCS5Padding"""
17261819,"Cipher.getInstance(""AES/CBC/NoPadding"""
19815169,"Cipher.getInstance(""AES/CBC/PKCS5Padding"""
44343381,Cipher.getInstance(aesManaged.mode
18524027,"Cipher.getInstance(""AES/CBC/PKCS5Padding"""
18852299,"Cipher.getInstance(""AES/CBC/PKCS7Padding"""
19541096,"Cipher.getInstance(""AES/CBC/NoPadding"", ""SunJCE"""
19568998,"Cipher.getInstance(""AES/CBC/PKCS5Padding"""
19596002,"Cipher.getInstance(""AES"""
20655099,"Cipher.getInstance(""AES/CBC/PKCS5Padding"""
23250112,"Cipher.getInstance(""AES/CBC/PKCS5Padding"""
24781318,"Cipher.getInstance(""AES/CBC/PKCS5Padding"""
24874176,"Cipher.getInstance(""AES/CBC/NOPADDING"""
24885800,"Cipher.getInstance(""AES/CBC/PKCS5Padding"""
26270290,"Cipher.getInstance(""AES/CBC/NoPadding"""
44369493,"Cipher.getInstance(""AES/CBC/PKCS5Padding"""
44438371,"Cipher.getInstance(""AES/CBC/PKCS5Padding"""
28118169,"Cipher.getInstance(""AES/CBC/PKCS5Padding"""
28295930,"Cipher.getInstance(""AES/CBC/NoPadding"""
29603046,"Cipher.getInstance(""AES/CBC/NoPadding"""
30382014,"Cipher.getInstance(""AES/CBC/PKCS5Padding"""
31473140,"Cipher.getInstance(""AES/CBC/PKCS5PADDING"""
31640190,"Cipher.getInstance(""AES/CBC/PKCS5Padding"""
31697194,"Cipher.getInstance(""AES/CBC/PKCS5Padding"""
34507170,"Cipher.getInstance(""AES/CBC/PKCS5Padding"""
34881126,"Cipher.getInstance(""AES/CBC/PKCS7Padding"""
35215385,"Cipher.getInstance(""AES/CBC/NoPadding"""
36937917,"Cipher.getInstance(""AES/CBC/PKCS5Padding"""
37597585,"Cipher.getInstance(""AES/CBC/PKCS5Padding"""
39610952,"Cipher.getInstance(""AES/CBC/NoPadding"", ""SunJCE"""
40759311,"Cipher.getInstance(""AES/CBC/PKCS5Padding"""
42402896,"Cipher.getInstance(""AES/CBC/NoPadding"""
43486719,"Cipher.getInstance(""AES/CBC/PKCS7Padding"", ""BC"""
58388985,"Cipher.getInstance(""AES/CBC/PKCS7Padding"""
44081175,"Cipher.getInstance(""AES/CBC/PKCS5Padding"""
44469651,"Cipher.getInstance(""AES/CBC/PKCS5Padding"""
45315885,"Cipher.getInstance(""AES/CBC/PKCS5Padding"""
45636379,"Cipher.getInstance(""AES/CBC/PKCS5Padding"""
46261673,"Cipher.getInstance(""AES/CBC/PKCS5Padding"""
47243228,"Cipher.getInstance(""AES/CBC/PKCS5Padding"""
48158528,"Cipher.getInstance(""AES/CBC/NoPadding"""
48159345,"Cipher.getInstance(""AES/CBC/PKCS5Padding"""
49803866,"Cipher.getInstance(""AES/CBC/PKCS5Padding"""
50995268,"Cipher.getInstance(""AES/CBC/PKCS5Padding"""
51770704,"Cipher.getInstance(""AES/CBC/PKCS5Padding"""
52809499,"Cipher.getInstance(""AES/CBC/PKCS5Padding"""
54183876,"Cipher.getInstance(""AES/CBC/PKCS5Padding"""
53392233,"Cipher.getInstance(""AES/CBC/PKCS5Padding"""
54148297,"Cipher.getInstance(""AES/CBC/""+padding"
55175864,"Cipher.getInstance(""AES/CBC/PKCS5Padding"""
56189889,"Cipher.getInstance(""AES/CBC/PKCS5Padding"""
58724102,"Cipher.getInstance(""AES/CBC/PKCS5Padding"""
59361444,"Cipher.getInstance(""AES/CBC/PKCS5Padding"""
59523956,"Cipher.getInstance(""AES/CBC/PKCS5Padding"""
64423926,Cipher.getInstance(&quot;AES/CBC/PKCS5Padding&quot;
59916541,"Cipher.getInstance(""AES/CBC/NoPadding"""
61373215,"Cipher.getInstance(""AES/CBC/PKCS5Padding"""
61613286,"Cipher.getInstance(""AES/CBC/PKCS5Padding"""
63672148,Cipher.getInstance(&quot;AES/CBC/NoPadding&quot;
63946809,Cipher.getInstance(&quot;AES/CBC/PKCS5PADDING&quot;
64101756,Cipher.getInstance(&quot;AES/CBC/PKCS5Padding&quot;
64386104,Cipher.getInstance(&quot;AES/CBC/PKCS5Padding&quot;
64493398,Cipher.getInstance(&quot;AES/CBC/PKCS5Padding&quot;
65502088,Cipher.getInstance(&quot;AES/CBC/PKCS5Padding&quot;
67098588,Cipher.getInstance(&quot;AES/CBC/PKCS5PADDING&quot;
69537829,Cipher.getInstance(&quot;AES/CBC/PKCS5Padding&quot;
70616504,Cipher.getInstance(&quot;AES/CBC/PKCS5Padding&quot;
72755461,Cipher.getInstance(&quot;AES/CBC/PKCS5PADDING&quot;
72886971,Cipher.getInstance(&quot;AES/CBC/PKCS5Padding&quot;
69052431,Cipher.getInstance(&quot;AES/CBC/PKCS5Padding&quot;
69226635,Cipher.getInstance(&quot;AES/CBC/PKCS5Padding&quot;
60370961,"Cipher.getInstance(""AES/CBC/PKCS5Padding"""
68029103,Cipher.getInstance(&quot;AES/CBC/PKCS5Padding&quot;
66210824,Cipher.getInstance(&quot;AES/CBC/PKCS7Padding&quot;
66411559,Cipher.getInstance(&quot;AES/CBC/NoPadding&quot;
64255982,Cipher.getInstance(&quot;AES/CBC/PKCS5PADDING&quot;
64774740,Cipher.getInstance(&quot;AES/CBC/PKCS5Padding&quot;
64785319,Cipher.getInstance(&quot;AES/CBC/PKCS5Padding&quot;
64776944,Cipher.getInstance(&quot;AES/CBC/PKCS5Padding&quot;
64604909,Cipher.getInstance(&quot;AES/CBC/PKCS5Padding&quot;
63929125,Cipher.getInstance(&quot;AES/CBC/PKCS5PADDING&quot;
64120650,Cipher.getInstance(&quot;AES/CBC/PKCS5Padding&quot;
62544647,Cipher.getInstance(&quot;AES/CBC/PKCS5PADDING&quot;
61645801,"Cipher.getInstance(""AES/CBC/PKCS5PADDING"""
61684322,"Cipher.getInstance(""AES/CBC/PKCS7Padding"""
62805190,Cipher.getInstance(&quot;AES/CBC/PKCS5Padding
62890629,"Cipher.getInstance(&quot;AES/CBC/PKCS5Padding&quot;, &quot;BC&quot;"
62898554,Cipher.getInstance(&quot;AES/CBC/PKCS5Padding&quot;
61201441,"Cipher.getInstance(""AES/CBC/PKCS5Padding"""
60405749,"Cipher.getInstance(""AES/CBC/PKCS5PADDING"""
62257298,"Cipher.getInstance(""AES/CBC/PKCS7Padding"""
59961064,"Cipher.getInstance(""AES/CBC/PKCS5Padding"""
55306672,"Cipher.getInstance(""AES/CBC/PKCS5Padding"""
56572677,"Cipher.getInstance(""AES/CBC/PKCS5PADDING"""
53870256,"Cipher.getInstance(""AES/CBC/NoPadding"""
54021907,"Cipher.getInstance(""AES/CBC/PKCS5PADDING"""
53184589,"Cipher.getInstance(""AES/CBC/NoPadding"""
53195595,"Cipher.getInstance(""AES/CBC/PKCS5Padding"""
52442405,"Cipher.getInstance(""AES/CBC/PKCS5PADDING"""
52561005,"Cipher.getInstance(""AES/CBC/PKCS5Padding"""
52575936,"Cipher.getInstance(""AES/CBC/PKCS5Padding"""
51444347,"Cipher.getInstance(""AES/CBC/pkcs7padding"", ""BC"""
51090380,"Cipher.getInstance(""AES/CBC/PKCS5Padding"""
52776030,"Cipher.getInstance(""AES/CBC/PKCS5Padding"""
48319909,"Cipher.getInstance(""AES/CBC/PKCS5Padding"""
48118208,"Cipher.getInstance(""AES/CBC/PKCS5PADDING"""
48306345,"Cipher.GetInstance(""AES/CBC/PKCS5Padding"""
50318355,"Cipher.getInstance(""AESWrap"", ""SunJCE"""
50333577,"Cipher.getInstance(""AES/CBC/PKCS5Padding"""
50472078,"Cipher.getInstance(""AES/CBC/NoPadding"", ""SunJCE"""
50550367,"Cipher.getInstance(Cipher.ALG_RSA_PKCS1, false"
49710896,"Cipher.getInstance(""RSA/ECB/PKCS1Padding"""
49477614,"Cipher.getInstance(""AES/CBC/PKCS5PADDING"""
49302052,"Cipher.getInstance(""AES/CBC/PKCS5Padding"""
47512224,"Cipher.getInstance(""AES/CBC/PKCS5Padding"""
47741649,"Cipher.getInstance(""AES/CBC/PKCS5Padding"""
46362489,"Cipher.getInstance(""AES/CBC/NoPadding"""
45649478,"Cipher.getInstance(""AES/CBC/PKCS5Padding"""
44878997,"Cipher.getInstance(""AES/CBC/PKCS5Padding"""
42909308,"Cipher.getInstance(""AES/CBC/PKCS5Padding"""
44072601,"Cipher.getInstance(""AES/CBC/PKCS5Padding"""
42090501,"Cipher.getInstance(""AES/CBC/pkcs7Padding"""
43182853,"Cipher.getInstance(""AES/CBC/PKCS5Padding"""
42235976,"Cipher.getInstance(""AES/CBC/PKCS5PADDING"""
42252463,"Cipher.getInstance(""AES/CBC/PKCS5Padding"""
43212485,"Cipher.getInstance(""AES/CBC/PKCS5Padding"""
41514199,"Cipher.getInstance(""AES/CBC/NoPadding"", ""SunJCE"""
41562408,"Cipher.getInstance(""AES/CBC/NOPADDING"""
42548283,"Cipher.getInstance(""AES/CBC/PKCS5Padding"""
40443876,"Cipher.getInstance(""AES/CBC/PKCS5PADDING"""
39257791,"Cipher.getInstance(""AES/CBC/PKCS5Padding"""
39439142,"Cipher.getInstance(""AES/CBC/PKCS5PADDING"""
39682186,"Cipher.getInstance(""AES/CBC/PKCS5PADDING"""
38729220,"Cipher.getInstance(""AES/CBC/PKCS5Padding"""
37898824,"Cipher.getInstance(""AES/CBC/PKCS5Padding"", ""SunJCE"""
38104959,"Cipher.getInstance(""AES/CBC/PKCS7PADDING"""
37253622,"Cipher.getInstance(""AES/CBC/NoPadding"""
36397356,"Cipher.getInstance(""AES/CBC/PKCS5Padding"""
36403278,"Cipher.getInstance(""AES/CBC/PKCS5Padding"""
36680037,"Cipher.getInstance(""AES/CBC/PKCS5Padding"""
36768080,"Cipher.getInstance(""AES/ECB/PKCS5Padding"", ""BC"""
39099542,"Cipher.getInstance(""AES/CBC/PKCS5Padding"""
34227317,"Cipher.getInstance(""AES/CBC/PKCS5Padding"""
35661789,"Cipher.getInstance(""AES/CBC/PKCS5Padding"""
34594719,"Cipher.getInstance(""AES/CBC/PKCS5Padding"""
34643645,"Cipher.getInstance(""AES/CBC/PKCS5Padding"""
34854288,"Cipher.getInstance(""AES/CBC/PKCS5Padding"""
33851053,"Cipher.getInstance(""AES/CBC/NoPadding"", ""SunJCE"""
34056520,"Cipher.getInstance(""AES/CBC/NoPadding """
35689983,"Cipher.getInstance(""AES/CBC/PKCS7Padding"""
34303398,"Cipher.getInstance(""AES/CBC/ISO10126Padding"""
35769916,"Cipher.getInstance(""AES/CBC/PKCS5Padding"""
13263841,"Cipher.getInstance(""AES/CBC/PKCS5Padding"""
32508961,"Cipher.getInstance(""AES/CBC/PKCS5Padding"""
5571585,"Cipher.getInstance(""AES/CBC/PKCS5Padding"""
13420533,"Cipher.getInstance(""AES/CBC/PKCS5Padding"""
28799064,"Cipher.getInstance(""AES/CBC/NoPadding"""
6842078,"Cipher.getInstance(""AES/CBC/PKCS5PAdding"""
6927497,"Cipher.getInstance(""AES/CBC/NoPadding"""
10843168,"Cipher.getInstance(""AES/CBC/NOPADDING"""
11065183,"Cipher.getInstance(""AES/CBC/PKCS5Padding"""
31238352,"Cipher.getInstance(""AES/CBC/PKCS5Padding"""
31397973,"Cipher.getInstance(""AES/CBC/PKCS7Padding"""
31474283,"Cipher.getInstance(""AES/CBC/PKCS5Padding"""
32975822,Cipher.getInstance(&quot;AES/CBC/PKCS7Padding&quot;
31738888,"Cipher.getInstance(""AES/CBC/PKCS5Padding"""
30383736,"Cipher.getInstance(""AES/CBC/PKCS5Padding"""
31425566,"Cipher.getInstance(""AES/CBC/PKCS5Padding"", ""BC"""
27137635,"Cipher.getInstance(""AES/CBC/PKCS7Padding"""
29144754,"Cipher.getInstance(""AES/CBC/PKCS5Padding"""
29522452,"Cipher.getInstance(""AES/CBC/PKCS5Padding"""
27156395,"Cipher.getInstance(""AES/CBC/PKCS5Padding"""
29623583,"Cipher.getInstance(""AES/CBC/PKCS5Padding"""
28169719,"Cipher.getInstance(""AES/CBC/PKCS5Padding"""
26369350,"Cipher.getInstance(""AES/CBC/PKCS5Padding"""
24701068,"Cipher.getInstance(""AES/CBC/PKCS5Padding"""
26762045,"Cipher.getInstance(""AES/CBC/PKCS5Padding"""
24971765,"Cipher.getInstance(""AES/CBC/PKCS5Padding"""
28798938,"Cipher.getInstance(""AES/CBC/PKCS7Padding"""
24497511,"Cipher.getInstance(""AES/CBC/NoPadding"""
24046085,"Cipher.getInstance(""AES/CBC/PKCS5Padding"""
22236199,"Cipher.getInstance(""AES/CBC/PKCS5Padding"""
25808003,"Cipher.getInstance(""AES/CBC/PKCS5Padding"""
20976375,"Cipher.getInstance(""AES"""
21658033,"Cipher.getInstance(""AES/CBC/PKCS5Padding"", ""SunJCE"""
16472877,"Cipher.getInstance(""AES/CBC/PKCS5Padding"""
18265503,"Cipher.getInstance(""AES/CBC/PKCS7Padding"""
18291987,"Cipher.getInstance(""AES/CBC/PKCS5Padding"""
16166391,"Cipher.getInstance(""AES/CBC/PKCS5Padding"""
20471940,"Cipher.getInstance(""AES/CBC/PKCS5Padding"""
18462243,"Cipher.getInstance(""AES/CBC/PKCS5Padding"""
20503060,"Cipher.getInstance(""AES/CBC/NoPadding"""
14695766,"Cipher.getInstance(""AES/CBC/PKCS5Padding"""
15108317,"Cipher.getInstance(""AES/ECB/PKCS7PADDING"""
13071489,"Cipher.getInstance(""AES/CBC/PKCS5Padding"""
15675416,"Cipher.getInstance(""AES/CBC/PKCS5Padding"""
11065063,"Cipher.getInstance(""AES/CBC/PKCS5Padding"""
11697947,"Cipher.getInstance(""AES/CBC/PKCS5Padding"""
9483069,"Cipher.getInstance(""AES/CBC/PKCS5Padding"""
7114616,"Cipher.getInstance(""AES/CBC/NoPadding"", ""SunJCE"""
10341150,"Cipher.getInstance(""AES/CBC/PKCS5Padding"""
4635686,"Cipher.getInstance(""AES/CBC/PKCS7Padding"""
12833826,"Cipher.getInstance(""AES/CBC/PKCS5Padding"""
5517191,"Cipher.getInstance(""AES/CBC/PKCS5Padding"""
3870784,"Cipher.getInstance(""AES/CBC/PKCS7Padding"", ""BC"""
908672,"Cipher.getInstance(""AES/CBC/NoPadding"""
6729834,"Cipher.getInstance(""AES/CBC/PKCS5Padding"""
7730741,"Cipher.getInstance(""AES/CBC/PKCS5Padding"""
15709421,"Cipher.getInstance(""AES/CBC/NoPadding"""
2556365,"Cipher.getInstance(""AES/CBC/NoPaddin"", ""BC"""
5641326,"Cipher.getInstance(""AES/CBC/PKCS5Padding"", ""BC"""
12136558,"Cipher.getInstance(""AES/CBC/PKCS5Padding"""
6830024,"Cipher.getInstance(""AES/CBC/PKCS5Padding"""
6831033,"Cipher.getInstance(""AES/CBC/PKCS5Padding"""
6841719,"Cipher.getInstance(""AES/CBC/PKCS5Padding"""
8990891,"Cipher.getInstance(""AES/CBC/PKCS5Padding"""
19698272,"Cipher.getInstance(""AES"""
9526479,"Cipher.getInstance(""AES/CBC/PKCS5Padding"""
9577141,"Cipher.getInstance(""AES/CBC/PKCS5Padding"""
10900894,"Cipher.getInstance(""AES/CBC/NoPadding"""
13044914,"Cipher.getInstance(""AES/CBC/PKCS7Padding"""
36324087,"Cipher.getInstance(""AES/CBC/PKCS7Padding"""
16179657,"Cipher.getInstance(""AES/CBC/PKCS5Padding"""
64459011,Cipher.getInstance(&quot;AES/CBC/PKCS5Padding&quot;
18326911,"Cipher.getInstance(""AES/CBC/PKCS5Padding"""
19417537,"Cipher.getInstance(""AES/CBC/PKCS5Padding"""
19705441,"Cipher.getInstance(""AES"""
22829354,"Cipher.getInstance(""AES/CBC/PKCS5Padding"", ""BC"""
23809324,"Cipher.getInstance(""AES/CBC/PKCS5Padding"""
24749074,"Cipher.getInstance(""AES/CBC/NoPadding"", ""SunJCE"""
25320705,"Cipher.getInstance(""AES/CBC/PKCS5Padding"""
26074552,"Cipher.getInstance(""AES/CBC/PKCS5Padding"""
26636215,"Cipher.getInstance(""AES/CBC/PKCS5Padding"""
27198370,"Cipher.getInstance(""AES/CBC/PKCS7Padding"""
29207016,"Cipher.getInstance(""AES/CBC/PKCS5Padding"""
26267113,"Cipher.getInstance(""AES/CBC/PKCS5PADDING"""
29575024,"Cipher.getInstance(""AES/CBC/PKCS5Padding"""
26849580,"Cipher.getInstance(""AES/CBC/PKCS5Padding"""
27025610,"Cipher.getInstance(""AES/CBC/PKCS5PADDING"""
23441208,"Cipher.getInstance(""AES/CBC/PKCS7Padding"""
26493202,"Cipher.getInstance(""AES/CBC/NOPADDING"""
26182593,"Cipher.getInstance(""AES/CBC/PKCS5Padding"""
26186377,"Cipher.getInstance(""AES/CBC/PKCS5Padding"""
30410575,"Cipher.getInstance(""AES/CBC/PKCS5Padding"""
27965798,"Cipher.getInstance(""AES/CBC/PKCS5Padding"" /*, here may be Provider parameter*/"
28015194,"Cipher.getInstance(""AES/CBC/PKCS7Padding"""
22694767,"Cipher.getInstance(""AES/CBC/PKCS5Padding"""
21904933,Cipher.getInstance(&quot;AES/CBC/PKCS5Padding&quot;
23346659,"Cipher.getInstance(""AES/CBC/PKCS5Padding"""
23491143,"Cipher.getInstance(""AES/CBC/PKCS7Padding"""
23539444,"Cipher.getInstance(""AES/CBC/PKCS5Padding"""
20196658,"Cipher.getInstance(""AES/CBC/PKCS5Padding"""
28235569,"Cipher.getInstance(""AES/CBC/PKCS5Padding"""
28263491,"Cipher.getInstance(""AES/CBC/PKCS5Padding"""
13493364,"Cipher.getInstance(""AES/CBC/PKCS5Padding"""
18998124,"Cipher.getInstance(""AES"""
13253783,"Cipher.getInstance(""AES/CBC/PKCS7Padding"""
15554296,"Cipher.getInstance(""AES/CBC/PKCS5Padding"""
13842231,"Cipher.getInstance(""AES/CBC/PKCS5Padding"""
13261252,"Cipher.getInstance(""AES/CBC/PKCS5Padding"""
13263210,"Cipher.getInstance(""AES/CBC/PKCS5Padding"""
17322002,"Cipher.getInstance(""AES/CBC/PKCS5Padding"""
10950937,"Cipher.getInstance(""AES/CBC/PKCS5Padding"""
11190114,Cipher.getInstance(&quot;AES/CBC/NoPadding&quot;
11503157,"Cipher.getInstance(""AES/CBC/PKCS5Padding"""
6937356,"Cipher.getInstance(""AES/CBC/NoPadding"""
5048503,"Cipher.getInstance(""AES/CBC/PKCS5Padding"""
10842509,"Cipher.getInstance(""AES/CBC/NoPadding"""
18998355,"Cipher.getInstance(""AES/CBC/PKCS5Padding"""
19956927,"Cipher.getInstance(""AES/CBC/PKCS5Padding"""
2554062,"Cipher.getInstance(""AES/CBC/NoPadding"""
74386927,Cipher.getInstance(&quot;AES/CBC/PKCS5PADDING&quot;
20212056,"Cipher.getInstance(""AES/CBC/PKCS7Padding"""
20535447,"Cipher.getInstance(""AES"""
20680129,"Cipher.getInstance(""AES/CBC/PKCS7Padding"""
37660429,"Cipher.getInstance(""DES/CBC/PKCS5Padding"""
54587846,"Cipher.getInstance(""DESede/CBC/PKCS7Padding"""
27791726,"Cipher.getInstance(""DESede/CBC/PKCS5Padding"""
30166305,"Cipher.getInstance(""DES/ECB/NoPadding"""
11385963,"Cipher.getInstance(""DES/CBC/NoPadding"""
9512480,"Cipher.getInstance(""DESede/CBC/PKCS5Padding"""
20121076,"Cipher.getInstance(""DESede/CBC/PKCS5Padding"", ""SunJCE"""
6860915,"Cipher.getInstance(""DESede/CBC/PKCS5Padding"""
19878196,"Cipher.getInstance(""Blowfish/CBC/PKCS5Padding"""
22078859,"Cipher.getInstance(""DES/CBC/PKCS5Padding"""
34286798,"Cipher.getInstance(""DESede/CBC/NoPadding"""
15147099,"Cipher.getInstance(""DESede/ECB/Nopadding"", ""BC"""
7596888,"Cipher.getInstance(""AES/CBC/PKCS7Padding"""
8357941,"Cipher.getInstance(""AES/CBC/PKCS5Padding"""
11689384,"Cipher.getInstance(""AES/CBC/PKCS5Padding"""
12101091,"Cipher.getInstance(""AES/CBC/PKCS7Padding"""
15108227,"Cipher.getInstance(""AES/CBC/"" + padding"
16558393,"Cipher.getInstance(""AES/CBC/NoPadding"""
16218026,"Cipher.getInstance(""AES/CBC/PKCS7Padding"", ""BC"""
16258520,"Cipher.getInstance(""RSA/ECB/NoPadding"""
17535918,"Cipher.getInstance(""AES/CBC/PKCS5Padding"""
18357842,"Cipher.getInstance(""AES/CBC/PKCS7Padding"""
19270991,"Cipher.getInstance(""AES/CBC/PKCS5Padding"""
20580111,"Cipher.getInstance(""AES/CBC/ISO10126PADDING"", ""SunJCE"""
20967518,"Cipher.getInstance(""AES/CBC/PKCS5Padding"""
22748230,"Cipher.getInstance(""AES/CBC/PKCS7Padding"", providerBC"
23372303,"Cipher.getInstance(""AES/CBC/PKCS5Padding"""
24536881,"Cipher.getInstance(""AES/CBC/PKCS7Padding"""
28976404,"Cipher.getInstance(""AES/CBC/PKCS5Padding"""
30112439,"Cipher.getInstance(""AES/CBC/PKCS5Padding"""
30322773,"Cipher.getInstance(""AES/CBC/PKCS5Padding"""
32827989,"Cipher.getInstance(""AES/CBC/PKCS5Padding"""
33686645,"Cipher.getInstance(""AES/CBC/PKCS5Padding"""
33970325,"Cipher.getInstance(""AES/CBC/PKCS5Padding"", ""BC"""
34024652,"Cipher.getInstance(""AES"""
36129401,"Cipher.getInstance(""AES/CBC/PKCS5Padding"""
37419365,"Cipher.getInstance(""AES/CBC/PKCS5PADDING"""
40682241,"Cipher.getInstance(""AES/CBC/NoPadding"", ""SunJCE"""
37598995,"Cipher.getInstance(""AES/CBC/NoPadding"""
38522214,"Cipher.getInstance(""AES/CBC/PKCS5PADDING"""
39232799,"Cipher.getInstance(""AES/CBC/PKCS5Padding"""
39736092,"Cipher.getInstance(""AES/CBC/PKCS7Padding"""
39798728,"Cipher.getInstance(""AES/CBC/PKCS7Padding"""
41999707,"Cipher.getInstance(""AES/CBC/PKCS7Padding"""
43090345,"Cipher.getInstance(""AES/CBC/PKCS5Padding"""
43267874,"Cipher.getInstance(""AES/CBC/PKCS5Padding"""
43605113,"Cipher.getInstance(""AES/CBC/NoPadding"""
45925986,"Cipher.getInstance(""AES/CBC/PKCS5Padding"""
45936706,"Cipher.getInstance(""AES/CBC/PKCS5Padding"""
47076189,"Cipher.getInstance(""AES/CBC/PKCS5PADDING"""
46426938,"Cipher.getInstance(""AES/CBC/PKCS5Padding"""
47210081,"Cipher.getInstance(""AES/CBC/PKCS5Padding"""
48830368,"Cipher.getInstance(""AES/CBC/PKCS5Padding"""
50305960,"Cipher.getInstance(""AES/CBC/PKCS5Padding"""
50307735,"Cipher.getInstance(""AES/CBC/PKCS5Padding"""
50618917,"Cipher.getInstance(""AES/CBC/PKCS5PADDING"""
52271879,"Cipher.getInstance(""AES/CBC/Pkcs5Padding"""
53042724,Cipher.getInstance(&quot;AES/CBC/PKCS5Padding&quot;
53139243,"Cipher.getInstance(""AES/CBC/PKCS7Padding"""
53935938,"Cipher.getInstance(""AES/CBC/PKCS5Padding"""
54685394,"Cipher.getInstance(""AES/CBC/PKCS5Padding"""
54699943,"Cipher.getInstance(""AES/CBC/PKCS5Padding"""
55411889,"Cipher.getInstance(""AES/CBC/PKCS7Padding"""
55847108,"Cipher.getInstance(""AES/CBC/PKCS5Padding"""
55971873,"Cipher.getInstance(""AES/CBC/PKCS5Padding"""
56973408,"Cipher.getInstance(""RSA/ECB/PKCS1Padding"""
57462250,"Cipher.getInstance(""AES/CBC/PKCS5Padding"""
58423051,"Cipher.getInstance(""AES/CBC/PKCS5Padding"""
59653123,Cipher.getInstance(&quot;AES/CBC/PKCS5PADDING&quot;
59691165,"Cipher.getInstance(""AES/CBC/PKCS5PADDING"""
59692595,"Cipher.getInstance(""AES/CBC/PKCS5Padding"""
61026587,"Cipher.getInstance(""AES/CBC/PKCS5Padding"""
61067790,"Cipher.getInstance(""RSA/ECB/PKCS1Padding"""
62393196,"Cipher.getInstance(""AES/CBC/PKCS5Padding"""
61543597,"Cipher.getInstance(""AES/CBC/PKCS5Padding"""
62521053,Cipher.getInstance(&quot;AES/CBC/PKCS7Padding&quot;
62873401,Cipher.getInstance(&quot;AES/CBC/PKCS5PADDING&quot;
62977376,Cipher.getInstance(&quot;AES/CBC/PKCS5Padding&quot;
63201523,Cipher.getInstance(&quot;AES/CBC/PKCS7Padding&quot;
64172951,Cipher.getInstance(&quot;AES/CBC/PKCS5Padding&quot;
64359897,Cipher.getInstance(&quot;AES/CBC/PKCS5Padding&quot;
66914473,Cipher.getInstance(&quot;AES/CBC/PKCS5Padding&quot;
67530212,Cipher.getInstance(&quot;AES/CBC/PKCS5Padding&quot;
68003124,Cipher.getInstance(&quot;AES/CBC/PKCS5Padding&quot;
68772573,Cipher.getInstance(&quot;AES/CBC/PKCS5Padding&quot;
68813684,Cipher.getInstance(&quot;AES/CBC/PKCS5Padding&quot;
69641248,Cipher.getInstance(&quot;AES/CBC/NoPadding&quot;
70504817,Cipher.getInstance(&quot;AES/CBC/PKCS5Padding&quot;
70528357,Cipher.getInstance(&quot;AES/CBC/PKCS5PADDING&quot;
72449196,Cipher.getInstance(&quot;AES/CBC/PKCS5Padding&quot;
73096148,Cipher.getInstance(&quot;AES/CBC/PKCS5PADDING&quot;
73140383,Cipher.getInstance(&quot;AES/CBC/PKCS5PADDING&quot;
73515600,Cipher.getInstance(&quot;AES/CBC/PKCS5Padding&quot;
73333823,Cipher.getInstance(&quot;AES/CBC/PKCS5Padding&quot;
70853478,Cipher.getInstance(&quot;AES/CBC/PKCS5PADDING&quot;
73442479,Cipher.getInstance(&quot;AES/CBC/PKCS5Padding&quot;
73829690,Cipher.getInstance(&quot;AES/CBC/PKCS5Padding&quot;
72447636,Cipher.getInstance(&quot;AES/CBC/PKCS5Padding&quot;
72894266,Cipher.getInstance(&quot;AES/CBC/PKCS5Padding&quot;
72840198,Cipher.getInstance(&quot;AES/CBC/PKCS5Padding&quot;
70878623,Cipher.getInstance(&quot;AES/CBC/PKCS5Padding&quot;
70927642,Cipher.getInstance(&quot;AES/CBC/PKCS5Padding&quot;
71049568,Cipher.getInstance(&quot;AES/CBC/PKCS7Padding&quot;
73061435,Cipher.getInstance(&quot;AES/CBC/PKCS5Padding&quot;
73069596,Cipher.getInstance(&quot;AES/CBC/PKCS5Padding&quot;
70160625,Cipher.getInstance(&quot;AES/CBC/NOPADDING&quot;
70434201,Cipher.getInstance(&quot;AES/CBC/PKCS5PADDING&quot;
68853435,Cipher.getInstance(&quot;AES/CBC/PKCS5Padding&quot;
68889174,Cipher.getInstance(&quot;AES/CBC/NoPadding&quot;
69349933,Cipher.getInstance(&quot;AES/CBC/PKCS5PADDING&quot;
65995176,Cipher.getInstance(&quot;AES/CBC/PKCS7Padding&quot;
62684237,Cipher.getInstance(&quot;AES/CBC/PKCS5Padding&quot;
69579632,Cipher.getInstance(&quot;AES/CBC/PKCS5Padding&quot;
68450575,Cipher.getInstance(&quot;AES/CBC/PKCS5Padding&quot;
67333721,Cipher.getInstance(&quot;AES/CBC/PKCS7Padding&quot;
68590035,Cipher.getInstance(this.m_asymmetricalKey.getAlgorithm(
69794832,Cipher.getInstance(&quot;AES/CBC/PKCS5Padding&quot;
67753212,Cipher.getInstance(&quot;PBEWithMD5AndTripleDES&quot;
66785433,Cipher.getInstance(&quot;AES/CBC/PKCS5Padding&quot;
65772470,Cipher.getInstance(&quot;AES/CBC/PKCS7Padding&quot;
68720336,Cipher.getInstance(&quot;AES/CBC/PKCS5Padding&quot;
64566894,Cipher.getInstance(&quot;AES/CBC/PKCS5Padding&quot;
64697378,Cipher.getInstance(&quot;AES/CBC/PKCS5Padding&quot;
65198620,Cipher.getInstance(Algorithm
66412551,Cipher.getInstance(&quot;AES/CBC/PKCS5PADDING&quot;
66421687,Cipher.getInstance(&quot;AES/CBC/NoPadding&quot;
63946413,Cipher.getInstance(&quot;AES/CBC/NoPadding&quot;
63961511,Cipher.getInstance(&quot;AES/CBC/NoPadding&quot;
63014399,Cipher.getInstance(&quot;AES/CBC/PKCS5Padding&quot;
65246392,Cipher.getInstance(&quot;AES/CBC/PKCS5Padding&quot;
63201942,Cipher.getInstance(&quot;AES/CBC/PKCS5Padding&quot;
64837519,Cipher.getInstance(&quot;AES/CBC/PKCS5Padding&quot;
61883249,"Cipher.getInstance(""AES/CBC/PKCS5PADDING"""
59702622,Cipher.getInstance(privateKey.getAlgorithm(
59967748,"Cipher.getInstance(""AES/CBC/PKCS5Padding"""
59866356,"Cipher.getInstance(""AES/CBC/PKCS5PADDING"""
61381058,"Cipher.getInstance(""AES/CBC/PKCS5Padding"""
59355326,"Cipher.getInstance(""AES"""
58103027,"Cipher.getInstance(""AES/CBC/PKCS5Padding"""
59372819,"Cipher.getInstance(""AES/CBC/PKCS5PADDING"""
59372945,"Cipher.getInstance(""AES/CBC/PKCS5PADDING"""
56876196,"Cipher.getInstance(""AES/CBC/NoPadding"""
57123473,"Cipher.getInstance(""AES/CBC/PKCS5Padding"""
57300434,"Cipher.getInstance(""AES/CBC/PKCS5Padding"""
57501504,"Cipher.getInstance(""AES/CBC/PKCS5Padding"""
58186714,"Cipher.getInstance(""AES/CBC/PKCS5Padding"""
56007361,"Cipher.getInstance(""AES/CBC/PKCS5Padding"""
55134882,"Cipher.getInstance(""AES/CBC/PKCS5Padding"""
56338772,"Cipher.getInstance(""AES/CBC/PKCS5PADDING"""
60448301,"Cipher.getInstance(""AES/CBC/PKCS5Padding"""
55709517,"Cipher.getInstance(""RSA/ECB/PKCS1Padding"""
56578013,"Cipher.getInstance(""AES/CBC/PKCS5Padding"""
55144526,"Cipher.getInstance(""AES/CBC/PKCS5Padding"""
56781765,"Cipher.getInstance(""AES/CBC/PKCS5PADDING"""
52280302,"Cipher.getInstance(""AES"""
50986026,"Cipher.getInstance(""AES/CBC/PKCS5Padding"""
51973323,"Cipher.getInstance(""AES/CBC/PKCS5Padding"""
50675029,"Cipher.getInstance(""AES/CBC/PKCS5PADDING"""
50748366,"Cipher.getInstance(""AES/CBC/PKCS5PADDING"""
49381903,"Cipher.getInstance(""AES/CBC/PKCS5Padding"""
51117998,"Cipher.getInstance(""AES/CBC/PKCS7Padding"", ""BC"""
50440658,"Cipher.getInstance(""AES/CBC/PKCS5Padding"""
50953516,"Cipher.getInstance(""AES/CBC/PKCS5Padding"""
50477431,"Cipher.getInstance(""AES/ECB/PKCS5Padding"""
52050993,"Cipher.getInstance(""AES/CBC/PKCS5PADDING"""
51228322,"Cipher.getInstance(""AES/CBC/PKCS7Padding"", ""BC"""
49630901,"Cipher.getInstance(""AES/CBC/ISO7816-4Padding"""
52857766,"Cipher.getInstance(""AES/CBC/PKCS5Padding"""
48921347,"Cipher.getInstance(""AES/CBC/PKCS5Padding"""
50679540,"Cipher.getInstance(""AES/CBC/PKCS5Padding"""
47316896,"Cipher.getInstance(""AES/CBC/PKCS5Padding"""
47404430,"Cipher.getInstance(""AES/CBC/PKCS5Padding"""
47495440,"Cipher.getInstance(""AES/CBC/PKCS7Padding"",""BC"""
47586317,"Cipher.getInstance(""AES/CBC/PKCS5Padding"""
48463515,"Cipher.getInstance(""AES/CBC/PKCS5Padding"""
49384768,Cipher.getInstance(&quot;AES/CBC/PKCS5Padding&quot;
48632497,"Cipher.getInstance(""AES/CBC/PKCS5Padding"""
47258770,"Cipher.getInstance(""AES/CBC/PKCS5Padding"""
45965525,"Cipher.getInstance(""AES/CBC/NoPadding"""
45326654,"Cipher.getInstance(""AES/CBC/ISO10126PADDING"""
44522616,"Cipher.getInstance(""AES/CBC/PKCS5Padding"""
43518391,"Cipher.getInstance(""AES/CBC/PKCS5Padding"""
46420669,"Cipher.getInstance(""AES/CBC/NoPadding"""
43841512,"Cipher.getInstance(""AES/CBC/NoPadding"", ""SunJCE"""
44041037,"Cipher.getInstance(""AES/CBC/NoPadding"""
41398783,"Cipher.getInstance(""AES/CBC/PKCS5Padding"""
44587960,"Cipher.getInstance(""AES/CBC/PKCS5Padding"""
42151753,"Cipher.getInstance(""AES/CBC/PKCS5Padding"""
41112408,"Cipher.getInstance(""AES/CBC/PKCS5Padding"""
43213635,"Cipher.getInstance(""AES/CBC/PKCS5Padding"""
40693206,"Cipher.getInstance(""AES/CBC/PKCS5Padding"", ""SunJCE"""
39809028,"Cipher.getInstance(""AES/CBC/PKCS5Padding"""
39822204,"Cipher.getInstance(""AES/CBC/PKCS5Padding"""
40274794,"Cipher.getInstance(""AES/CBC/PKCS7PADDING"""
40388427,"Cipher.getInstance(""AES/CBC/PKCS5PADDING"""
37076126,"Cipher.getInstance(""AES/CBC/PKCS5Padding"""
37090442,"Cipher.getInstance(""AES/CBC/NoPadding"""
37092963,"Cipher.getInstance(""AES/CBC/PKCS5Padding"""
40986876,"Cipher.getInstance(""AES/CBC/PKCS5Padding"""
39422786,"Cipher.getInstance(""AES/CBC/PKCS5Padding"""
41017990,"Cipher.getInstance(""AES/CBC/PKCS5Padding"""
38810568,"Cipher.getInstance(""AES/CBC/PKCS5Padding"""
39693812,"Cipher.getInstance(""AES/CBC/PKCS5Padding"""
39856338,"Cipher.getInstance(""AES/CBC/PKCS5Padding"""
38796839,"Cipher.getInstance(""AES/CBC/PKCS5Padding"""
35996036,"Cipher.getInstance(""AES/CBC/PKCS5Padding"""
36744195,"Cipher.getInstance(""AES/CBC/PKCS5Padding"""
35237880,"Cipher.getInstance(""AES/CBC/PKCS5Padding"""
35241522,"Cipher.getInstance(""AES/CBC/PKCS5PADDING"""
35262416,"Cipher.getInstance(""AES/CBC/PKCS5Padding"""
35279722,"Cipher.getInstance(""AES/CBC/PKCS5Padding"""
39203851,"Cipher.getInstance(""AES/CBC/PKCS5Padding"""
35403878,"Cipher.getInstance(""AES/CBC/PKCS5Padding"""
35629772,"Cipher.getInstance(""AES/CBC/PKCS5PADDING"""
35443291,"Cipher.getInstance(""AES/CBC/PKCS5PADDING"""
33093924,"Cipher.getInstance(""AES/CBC/PKCS5PAdding"""
33223926,"Cipher.getInstance(""AES/CBC/PKCS5Padding"", ""SunJCE"""
32114499,"Cipher.getInstance(""AES/CBC/PKCS5Padding"""
35075707,"Cipher.getInstance(""AES/CBC/PKCS5Padding"""
32078420,"Cipher.getInstance(""AES/CBC/PKCS5Padding"""
32331503,"Cipher.getInstance(""AES/CBC/PKCS5Padding"""
34502705,"Cipher.getInstance(""AES/CBC/PKCS5Padding"""
32629491,"Cipher.getInstance(""AES/CBC/PKCS5Padding"""
32786457,"Cipher.getInstance(""AES/CBC/NoPadding"""
33807193,"Cipher.getInstance(""AES/CBC/PKCS5PADDING"""
31429879,"Cipher.getInstance(""AES/CBC/PKCS5Padding"""
31432218,"Cipher.getInstance(""AES/CBC/PKCS5Padding"""
29613940,"Cipher.getInstance(""AES/CBC/PKCS5Padding"""
29927385,"Cipher.getInstance(""AES/CBC/PKCS5Padding"""
27859038,"Cipher.getInstance(""AES/CBC/PKCS5Padding"""
26572261,"Cipher.getInstance(""AES/CBC/PKCS5Padding"""
25400964,"Cipher.getInstance(""AES/CBC/PKCS5Padding"""
25469241,"Cipher.getInstance(""AES/CBC/PKCS5Padding"""
25511886,"Cipher.getInstance(""AES/CBC/PKCS5Padding"""
29036355,"Cipher.getInstance(""AES/CBC/PKCS5Padding"""
24066679,Cipher.getInstance(&quot;AES/CBC/PKCS5Padding&quot;
19856324,"Cipher.getInstance(""AES/CBC/PKCS5Padding"""
19161819,"Cipher.getInstance(""AES/CBC/PKCS5Padding"""
24414258,"Cipher.getInstance(""AES/CBC/PKCS5Padding"""
18907015,"Cipher.getInstance(""AES/CBC/PKCS5Padding"""
21125367,"Cipher.getInstance(""AES/CBC/NoPadding"""
21133318,"Cipher.getInstance(""AES/CBC/PKCS7Padding"""
19388587,"Cipher.getInstance(""AES/CBC/PKCS5Padding"", ""SunJCE"""
16477737,"Cipher.getInstance(""AES/CBC/PKCS5Padding"""
15695977,"Cipher.getInstance(""AES/CBC/PKCS5Padding"""
16642860,"Cipher.getInstance(""AES/CBC/PKCS5Padding"""
13581172,"Cipher.getInstance(""AES/CBC/""+padding"
10357630,"Cipher.getInstance(""AES/CBC/PKCS5Padding"""
5505418,"Cipher.getInstance(""AES/CBC/PKCS5Padding"""
3032832,"Cipher.getInstance(""AES/CBC/PKCS5Padding"""
7786445,"Cipher.getInstance(""AES/CBC/PKCS5Padding"", ""BC"""
6531167,"Cipher.getInstance(""AES/CBC/PKCS7Padding"""
6900542,"Cipher.getInstance(""AES/CBC/PKCS5Padding"""
26981264,"Cipher.getInstance(""AES/CBC/PKCS5Padding"""
30314919,"Cipher.getInstance(""AES/CBC/NoPadding"", ""SunJCE"""
3183433,"Cipher.getInstance(""AES/CBC/PKCS5Padding"""
6751353,"Cipher.getInstance(""AES/CBC/PKCS5Padding"""
8624086,"Cipher.getInstance(""AES/CBC/NoPadding"""
21170551,"Cipher.getInstance(""AES/CBC/PKCS5Padding"""
22488402,"Cipher.getInstance(""AES/CBC/PKCS5Padding"", ""BC"""
10936208,"Cipher.getInstance(""RSA/ECB/PKCS1Padding"""
12881804,"Cipher.getInstance(""AES/CBC/PKCS5Padding"""
28172246,"Cipher.getInstance(""AES/CBC/PKCS7Padding"""
15373448,"Cipher.getInstance(""AES/CBC/PKCS5Padding"""
15765319,"Cipher.getInstance(""AES/CBC/PKCS5PADDING"""
16800112,"Cipher.getInstance(""AES/CBC/PKCS7Padding"""
17339677,"Cipher.getInstance(""AES/CBC/PKCS5Padding"""
19288627,"Cipher.getInstance(""AES/CBC/PKCS7Padding"""
23186288,"Cipher.getInstance(""AES/CBC/PKCS5Padding"""
23195979,"Cipher.getInstance(""AES/CBC/PKCS5Padding"""
25517083,"Cipher.getInstance(""AES/CBC/NoPadding"""
27529701,"Cipher.getInstance(""AES/CBC/PKCS5Padding"""
26785193,"Cipher.getInstance(""AES/CBC/PKCS5Padding"""
28555780,"Cipher.getInstance(""AES/CBC/PKCS5Padding"""
21696815,"Cipher.getInstance(""AES/CBC/PKCS5Padding"", ""BC"""
24396870,"Cipher.getInstance(""AES/CBC/PKCS5Padding"""
24593429,"Cipher.getInstance(""AES/CBC/PKCS5Padding"""
23249905,"Cipher.getInstance(""AES/CBC/PKCS5Padding"""
22172588,"Cipher.getInstance(""AES/CBC/NoPadding"""
23783457,"Cipher.getInstance(""AES/CBC/NoPadding"", ""SunJCE"""
15872439,"Cipher.getInstance(""AES/CBC/PKCS5Padding"""
18827706,"Cipher.getInstance(""AES/CBC/PKCS5Padding"""
16987336,"Cipher.getInstance(""AES/CBC/PKCS5Padding"""
19136199,"Cipher.getInstance(""AES/CBC/PKCS5Padding"""
15311632,"Cipher.getInstance(""AES/CBC/PKCS5Padding"""
21905115,"Cipher.getInstance(""AES/CBC/PKCS5Padding"""
15494315,"Cipher.getInstance(""AES/CBC/PKCS5Padding"""
18026061,"Cipher.getInstance(""AES/CBC/PKCS7Padding"""
20942872,"Cipher.getInstance(""AES/CBC/PKCS5Padding"""
12221483,"Cipher.getInstance(""AES/CBC/PKCS5Padding"", ""BC"""
12222904,"Cipher.getInstance(""AES/CBC/PKCS5Padding"", ""BC"""
14124370,"Cipher.getInstance(""AES/CBC/PKCS5Padding"""
14166367,"Cipher.getInstance(""AES/CBC/PKCS5Padding"", ""BC"""
13047774,"Cipher.getInstance(""RSA"""
10461442,"Cipher.getInstance(""AES/CBC/NoPadding"""
13322214,"Cipher.getInstance(""AES/CBC/PKCS5Padding"""
1913068,"Cipher.getInstance(""AES/CBC/PKCS5Padding"""
2121047,"Cipher.getInstance(""AES/CBC/PKCS7Padding"", ""BC"""
9469049,"Cipher.getInstance(""AES/CBC/PKCS5Padding"""
6402342,"Cipher.getInstance(""AES/CBC/ISO10126Padding"", new BouncyCastleProvider("
74575538,Cipher.getInstance(&quot;AES/GCM/NoPadding&quot;
75347305,Cipher.getInstance(&quot;AES/CBC/PKCS5Padding&quot;
6569672,"Cipher.getInstance(""AES/CBC/PKCS7Padding"""
6625642,"Cipher.getInstance(""AES/CBC/PKCS7Padding"", ""BC"""
14920603,"Cipher.getInstance(""AES/CBC/NoPadding"""
21890769,"Cipher.getInstance(""AES/CBC/PKCS5Padding"""
19425265,"Cipher.getInstance(""AES/CBC/PKCS5Padding"""
8643731,"Cipher.getInstance(""AES/CBC/NoPadding"""
9381270,"Cipher.getInstance(""AES/CBC/PKCS5Padding"""
20435601,"cipher.getInstance(""AES/CBC/PKCS5Padding"""
2264038,"Cipher.getInstance(""AES/CBC/PKCS5Padding"""
74736093,Cipher.getInstance(&quot;AES&quot;
74022882,Cipher.getInstance(&quot;AES/CBC/PKCS5PADDING&quot;
74069080,Cipher.getInstance(&quot;AES/CBC/PKCS5Padding&quot;
74706293,Cipher.getInstance(&quot;AES/CBC/ISO10126Padding&quot;
28249147,"Cipher.getInstance(""AES/CBC/PKCS5Padding"""
13896778,"Cipher.getInstance(""AES/CBC/PKCS7Padding"""
16914043,"Cipher.getInstance(""AES/CBC/PKCS5Padding"""
17738441,"Cipher.getInstance(""AES/CBC/PKCS5Padding"""
20983874,"Cipher.getInstance(""AES/CBC/PKCS5Padding"""
21240950,"Cipher.getInstance(""AES/CBC/PKCS5Padding"""
13701224,"Cipher.getInstance(""AES/CBC/PKCS5Padding"""
13712835,"Cipher.getInstance(""AES/CBC/PKCS5Padding"""
14232852,Cipher.getInstance(Unknown Source
19204176,"Cipher.getInstance(""AES/CBC/PKCS5Padding"""
24427238,"Cipher.getInstance(""AES/CBC/PKCS5Padding"""
26412089,"Cipher.getInstance(""AES/CBC/PKCS5Padding"""
29671662,"Cipher.getInstance(""AES/CBC/PKCS5Padding"""
18231149,"Cipher.getInstance(""AES/CBC/PKCS5Padding"""
28230350,"Cipher.getInstance(""AES/CBC/PKCS5Padding"""
5914935,"Cipher.getInstance(""AES/CBC/PKCS5Padding"""
2367697,"Cipher.getInstance(""AES/CBC/PKCS5Padding"""
3181535,"Cipher.getInstance(""AES/CBC/PKCS5Padding"""
42091807,"Cipher.getInstance(""AES/CBC/NoPadding"""
26800703,"Cipher.getInstance(""AES/CBC/PKCS5Padding"""
868776,"Cipher.getInstance(""AES/CBC/PKCS7Padding"", ""BC"""
12685475,"Cipher.getInstance(""AES/CBC/PKCS5Padding"""
17311623,"Cipher.getInstance(""AES/CBC/PKCS5Padding"""
28155639,"Cipher.getInstance(""RSA"""
1638971,"Cipher.getInstance(""AES/ECB/PKCS5Padding"""
30969822,"Cipher.getInstance(""AES/CBC/NOPADDING"""
30996440,"Cipher.getInstance(""AES/CBC/NOPADDING"""
23488278,"Cipher.getInstance(""AES/CBC"""
29338636,"Cipher.getInstance(""AES/CBC/PKCS5PADDING"""
24130154,"Cipher.getInstance(""AES/CBC/PKCS7Padding"""
24226638,"Cipher.getInstance(""AES/CBC/PKCS5Padding"""
6084923,"Cipher.getInstance(""AES/CBC/PKCS7Padding"", ""BC"""
22344554,"Cipher.getInstance(""AES/CBC/PKCS5Padding"""
19822454,"Cipher.getInstance(""AES/CBC/PKCS5Padding"""
22418901,"Cipher.getInstance(""AES/CBC/PKCS5Padding"""
22671110,"Cipher.getInstance(""AES/CBC/PKCS5Padding"""
7656293,"Cipher.getInstance(""AES/CBC/PKCS5Padding"""
28171353,"Cipher.getInstance(""AES/CBC/PKCS5Padding"""
34940890,"Cipher.getInstance(""AES/CBC/PKCS5Padding"""
23992327,"Cipher.getInstance(""AES/CBC/PKCS5Padding"""
26517944,"Cipher.getInstance(""AES/CBC/PKCS5PADDING"""
22799815,"Cipher.getInstance(""AES/CBC/PKCS5Padding"""
22886363,"Cipher.getInstance(""AES/CBC/PKCS5Padding"""
23006139,"Cipher.getInstance(""AES/CBC/PKCS5Padding"""
31375291,"Cipher.getInstance(""AES/CBC/PKCS5Padding"""
24911604,"Cipher.getInstance(""AES/CBC/PKCS5Padding"""
22757681,"Cipher.getInstance(""AES/CBC/PKCS7Padding"", providerBC"
13817925,"Cipher.getInstance(""AES/CBC/NoPadding"""
13896007,Cipher.getInstance(secKeyPublicKey.getAlgorithm(
33751514,"Cipher.getInstance(""AES/CBC/PKCS5Padding"""
33795543,"Cipher.getInstance(""AES/CBC/PKCS5Padding"""
21960630,"Cipher.getInstance(""AES/CBC/PKCS5Padding"""
19929552,"Cipher.getInstance(""AES/CBC/PKCS5Padding"", ""BC"""
33847970,"Cipher.getInstance(""AES/CBC/PKCS5Padding"""
30459767,"Cipher.getInstance(""AES/CBC/NoPadding"""
30466951,"Cipher.getInstance(""AES/CBC/PKCS5Padding"""
30495602,"Cipher.getInstance(""AES/CBC/PKCS5Padding"""
30688609,"Cipher.getInstance(""AES/CBC/PKCS5Padding"""
25260570,"Cipher.getInstance(""AES/CBC/PKCS5Padding"""
16513073,"Cipher.getInstance(""AES/CBC/PKCS5Padding"""
20159619,"Cipher.getInstance(""AES/CBC/PKCS7PADDING"""
37135829,"Cipher.getInstance(""AES/CBC/PKCS5Padding"""
18123652,"Cipher.getInstance(""AES/CBC/PKCS5Padding"""
18175492,"Cipher.getInstance(""AES/CBC/NoPadding"""
35852165,"Cipher.getInstance(""AES/CBC/PKCS5Padding"""
36585470,"Cipher.getInstance(""AES/CBC/PKCS5Padding"""
36677266,"Cipher.getInstance(""AES/CBC/PKCS5Padding"""
17112998,"Cipher.getInstance(""AES/CBC/PKCS5Padding"""
34365373,"Cipher.getInstance(""AES/CBC/PKCS5Padding"""
34426681,"Cipher.getInstance(""AES/CBC/PKCS5Padding"""
34614268,"Cipher.getInstance(""AES/CBC/PKCS5Padding"""
45474725,"Cipher.getInstance(""AES/CBC/NoPadding"""
44907014,"Cipher.getInstance(""AES/CBC/PKCS5Padding"""
9425913,"Cipher.getInstance(""AES/CBC/NoPadding"""
12639588,"Cipher.getInstance(""AES/CBC/NoPadding"""
33557244,"Cipher.getInstance(""AES/CBC/PKCS5Padding"""
33603653,"Cipher.getInstance(""AES/CBC/PKCS5Padding"", ""BC"""
14374147,"Cipher.getInstance(""AES/CBC/PKCS5Padding"""
14955559,"Cipher.getInstance(""AES/CBC"""
18422207,Cipher.getInstance(&quot;DES/CBC/PKCS5Padding&quot;
24557698,"Cipher.getInstance(""AES/CBC/PKCS5Padding"", ""BC"""
28417925,"Cipher.getInstance(""AES/CBC/PKCS5Padding"""
26714247,"Cipher.getInstance(""AES/CBC/PKCS5Padding"""
41047253,"Cipher.getInstance(""AES/CBC/NoPadding"""
41198162,"Cipher.getInstance(""AES/CBC/PKCS5Padding"""
42505232,"Cipher.getInstance(""RSA"""
33214730,"Cipher.getInstance(""AES/CBC/PKCS5Padding"""
42779492,"Cipher.getInstance(""AES/CBC/PKCS5Padding"""
40577998,"Cipher.getInstance(""AES/CBC/NOPADDING"""
5279652,"Cipher.getInstance(""AES/CBC/PKCS5Padding"""
40742385,"Cipher.getInstance(""AES/CBC/PKCS5Padding"""
33419530,"Cipher.getInstance(""AES/CBC/PKCS5Padding"""
33426033,"Cipher.getInstance(""AES/CBC/NoPadding"""
33462105,"Cipher.getInstance(""AES/CBC/PKCS5Padding"""
40107024,"Cipher.getInstance(""AES/CBC/NoPadding"""
40886165,"Cipher.getInstance(""AES/CBC/PKCS5Padding"""
47841240,"Cipher.getInstance(""AES/CBC/PKCS5Padding"""
24471512,"Cipher.getInstance(""AES/CBC/PKCS5Padding"""
20211995,"Cipher.getInstance(""AES/ECB/PKCS5PADDING"""
47965452,"Cipher.getInstance(""AES/CBC/PKCS5Padding"", ""SunJCE"""
40763153,"Cipher.getInstance(""AES/CBC/NoPadding"""
41688965,"Cipher.getInstance(""AES"""
39259655,"Cipher.getInstance(""AES/CBC/PKCS7Padding"""
47277918,"Cipher.getInstance(""AES/CBC/PKCS5Padding"""
46221794,"Cipher.getInstance(""AES/CBC/PKCS5Padding"""
44680760,"Cipher.getInstance(""AES/CBC/PKCS5Padding"""
33538760,"Cipher.getInstance(""AES/CBC/NoPadding"", ""SunJCE"""
45406996,"Cipher.getInstance(""AES/CBC/PKCS5Padding"""
45462400,"Cipher.getInstance(""AES/CBC/PKCS5Padding"""
39485228,"Cipher.getInstance(""AES/CBC/PKCS7PADDING"""
49614107,"Cipher.getInstance(""AES/CBC/PKCS5Padding"""
18371182,"Cipher.getInstance(""AES/CBC/PKCS5Padding"""
72601586,Cipher.getInstance(&quot;AES/CBC/PKCS5Padding&quot;
51270299,"Cipher.getInstance(""AES/CBC/PKCS5PADDING"""
38440511,"Cipher.getInstance(""AES/CBC/PKCS5PADDING"""
48812689,"Cipher.getInstance(""AES/CBC/PKCS5PADDING"""
45030293,"Cipher.getInstance(""AES/CBC/PKCS5Padding"""
45034471,"Cipher.getInstance(""AES/CBC/PKCS5Padding"""
48946138,"Cipher.getInstance(""AES/CBC/PKCS5Padding"""
50089972,"Cipher.getInstance(""AES/CBC/PKCS5Padding"""
32217751,"Cipher.getInstance(""AES/CBC/PKCS5Padding"""
32446396,"Cipher.getInstance(""AES/CBC/PKCS5Padding"""
32448210,"Cipher.getInstance(""AES/CBC/PKCS5Padding"""
33021546,"Cipher.getInstance(""AES/CBC/PKCS5Padding"""
58724856,"Cipher.getInstance(""AES/CBC/PKCS5PADDING"""
55697392,"Cipher.getInstance(""AES/CBC/NoPadding"""
48371477,"Cipher.getInstance(""AES/CBC/PKCS5Padding"""
48401693,"Cipher.getInstance(""AES/CBC/PKCS7Padding"", new BouncyCastleProvider("
47866118,"Cipher.getInstance(""AES/CBC/NoPadding"""
47866666,"Cipher.getInstance(""AES/CBC/PKCS5PADDING"""
54665348,"Cipher.getInstance(""AES/CBC/PKCS5Padding"""
53627430,"Cipher.getInstance(""AES/CBC/PKCS5Padding"""
53556987,"Cipher.getInstance(""AES/CBC/PKCS5Padding"""
53849668,"Cipher.getInstance(""AES/CBC/NoPadding"""
53272959,"Cipher.getInstance(""AES/CBC/PKCS5Padding"""
53893371,Cipher.getInstance(&quot;AES/CBC/PKCS5Padding&quot;
43728916,"Cipher.getInstance(""AES/CBC/PKCS5Padding"""
54020228,"Cipher.getInstance(""AES/CBC/PKCS5PADDING"""
54059313,"Cipher.getInstance(""AES/CBC/PKCS7Padding"""
52939538,"Cipher.getInstance(""AES/CBC/PKCS5Padding"""
54069449,"Cipher.getInstance(""AES/CBC/PKCS5Padding"""
51982099,"Cipher.getInstance(""AES/CBC/NoPadding"""
58198718,"Cipher.getInstance(""AES/CBC/PKCS5PADDING"""
61717232,"Cipher.getInstance(""AES/CBC/PKCS5PADDING"""
62320111,"Cipher.getInstance(""AES/CBC/PKCS5PADDING"""
49324227,"Cipher.getInstance(""AES/CBC/PKCS5Padding"""
52298992,"Cipher.getInstance(""AES/CBC/NoPadding"""
52386166,"Cipher.getInstance(""AES/CBC/NoPadding"""
59174640,"Cipher.getInstance(""AES/CBC/NoPadding"""
57999722,"Cipher.getInstance(""AES/CBC/PKCS5PADDING"""
37506474,"Cipher.getInstance(""AES"""
37523771,"Cipher.getInstance(""AES/CBC/PKCS7Padding"""
37761653,"Cipher.getInstance(""AES/CBC/ZeroPadding"""
39752177,"Cipher.getInstance(""AES/CBC/PKCS5Padding"""
37932240,"Cipher.getInstance(""AES/CBC/PKCS5Padding"""
37990547,"Cipher.getInstance(""AES/CBC/PKCS5Padding"""
62978042,Cipher.getInstance(&quot;AES/CBC/PKCS5Padding&quot;
52534428,"Cipher.getInstance(""AES/CBC/PKCS5Padding"""
51462280,"Cipher.getInstance(""AES/CBC/PKCS5Padding"""
53523367,"Cipher.getInstance(""AES/CBC/PKCS5Padding"""
51693054,"Cipher.getInstance(""AES/CBC/NoPadding"""
58334423,"Cipher.getInstance(""AES/CBC/PKCS5Padding"""
47513894,"Cipher.getInstance(""AES/CBC/PKCS5Padding"""
59454845,"Cipher.getInstance(""AES/CBC/NoPadding"""
59464288,"Cipher.getInstance(""AES/CBC/PKCS5PADDING"""
58428955,"Cipher.getInstance(""AES/CBC/PKCS7Padding"""
56342226,"Cipher.getInstance(""AES/CBC/NOPADDING"""
49975231,"Cipher.getInstance(""AES/CBC/PKCS5Padding"""
63397882,Cipher.getInstance(&quot;AES/CBC/PKCS7Padding&quot;
57322735,"Cipher.getInstance(""AES/CBC/PKCS5Padding"""
57326920,"Cipher.getInstance(""AES/CBC/PKCS5Padding"""
63966525,Cipher.getInstance(&quot;AES/CBC/PKCS5Padding&quot;
63984613,Cipher.getInstance(&quot;AES/CBC/PKCS5Padding&quot;
43147869,"Cipher.getInstance(""AES/CBC/PKCS5PADDING"""
65569267,Cipher.getInstance(&quot;AES/CBC/PKCS5Padding&quot;
61218275,"Cipher.getInstance(""AES/CBC/PKCS5Padding"""
62832136,Cipher.getInstance(&quot;AES/CBC/noPadding&quot;
63261920,Cipher.getInstance(&quot;AES/CBC/PKCS5Padding&quot;
57575621,"Cipher.getInstance(""AES/CBC/PKCS5Padding"""
57754138,"Cipher.getInstance(""AES/CBC/PKCS5Padding"""
67819101,Cipher.getInstance(&quot;AES/CBC/PKCS5Padding&quot;
63356498,Cipher.getInstance(&quot;AES/CBC/PKCS5PADDING&quot;
65896907,Cipher.getInstance(&quot;AES/CBC/PKCS5PADDING&quot;
66643068,Cipher.getInstance(&quot;AES/CBC/PKCS5PADDING&quot;
52028280,"Cipher.getInstance(""AES/CBC/PKCS5PADDING"""
67033444,Cipher.getInstance(&quot;AES/CBC/PKCS7Padding&quot;
56269571,"Cipher.getInstance(""AES/CBC/PKCS7Padding"""
67222092,Cipher.getInstance(&quot;AES/CBC/PKCS5Padding&quot;
46435609,"Cipher.getInstance(""AES/CBC/PKCS5Padding"""
46650229,"Cipher.getInstance(""AES/CBC/PKCS5Padding"""
66316761,Cipher.getInstance(&quot;AES/CBC/PKCS5Padding&quot;
69771607,"Cipher.getInstance(&quot;AES/CBC/PKCS7Padding&quot;, &quot;BCFIPS&quot;"
61068044,"Cipher.getInstance(""AES/CBC/PKCS5Padding"""
68480893,Cipher.getInstance(&quot;AES/CBC/PKCS7Padding&quot;
65083208,Cipher.getInstance(&quot;AES/CBC/PKCS5Padding&quot;
65106860,Cipher.getInstance(&quot;AES/CBC/PKCS5Padding&quot;
60595893,"Cipher.getInstance(""AES/CBC/PKCS5Padding"""
68843171,Cipher.getInstance(&quot;RSA&quot;
55306904,"Cipher.getInstance(""AES/CBC/PKCS5Padding"""
51764603,"Cipher.getInstance(""AES/CBC/PKCS5Padding"""
69063883,Cipher.getInstance(&quot;AES/CBC/PKCS5Padding&quot;
70581622,Cipher.getInstance(&quot;RSA&quot;
73625433,Cipher.getInstance(&quot;AES/CBC/PKCS7Padding&quot;
65251160,Cipher.getInstance(&quot;AES/CBC/PKCS7Padding&quot;
73177021,Cipher.getInstance(&quot;AES/CBC/NOPADDING&quot;
68346802,Cipher.getInstance(&quot;AES/CBC/PKCS5PADDING&quot;
73456313,Cipher.getInstance(&quot;AES/CBC/PKCS5Padding&quot;
58953861,"Cipher.getInstance(""AES/CBC/PKCS5Padding"""
59969065,"Cipher.getInstance(""AES/CBC/PKCS5Padding"""
72483363,Cipher.getInstance(&quot;AES/CBC/PKCS5PADDING&quot;
67825360,Cipher.getInstance(&quot;AES/CBC/PKCS5Padding&quot;
69081709,Cipher.getInstance(&quot;AES/CBC/PKCS5Padding&quot;
67340637,Cipher.getInstance(&quot;AES/CBC/PKCS5Padding&quot;
67375995,Cipher.getInstance(&quot;RSA/ECB/OAEPWithSHA-256AndMGF1Padding&quot;
72690534,Cipher.getInstance(&quot;AES/CBC/PKCS5Padding&quot;
71434477,Cipher.getInstance(&quot;AES/CBC/PKCS5Padding&quot;
67799313,Cipher.getInstance(&quot;AES/CBC/PKCS5PADDING&quot;
65412601,Cipher.getInstance(&quot;AES/CBC/NoPadding&quot;
65473987,Cipher.getInstance(&quot;AES/CBC/PKCS5Padding&quot;
65551823,Cipher.getInstance(&quot;AES/CBC/PKCS5PADDING&quot;
64783646,Cipher.getInstance(&quot;AES/CBC/PKCS7Padding&quot;
63845930,Cipher.getInstance(&quot;AES/CBC/PKCS5Padding&quot;
64662852,Cipher.getInstance(&quot;AES/CBC/PKCS5PADDING&quot;
68297359,Cipher.getInstance(&quot;AES/CBC/PKCS7PADDING&quot;
71832117,Cipher.getInstance(&quot;AES/CBC/PKCS5Padding&quot;
69061402,Cipher.getInstance(&quot;AES/CBC/PKCS5PADDING&quot;
67505415,Cipher.getInstance(&quot;AES/CBC/PKCS5Padding&quot;
56581358,"Cipher.getInstance(""AES/CBC/PKCS5Padding"""
69968071,Cipher.getInstance(&quot;AES/CBC/NoPadding&quot;
69997558,"Cipher.getInstance(&quot;RSA/ECB/PKCS1Padding&quot;, &quot;AndroidOpenSSL&quot;"
60815833,"Cipher.getInstance(""AES/CBC/PKCS5Padding"""
73605979,Cipher.getInstance(&quot;AES/CBC/PKCS5Padding&quot;
73611321,Cipher.getInstance(&quot;AES/CBC/PKCS5Padding&quot;
73616601,Cipher.getInstance(&quot;AES/CBC/PKCS5PADDING&quot;
72002569,Cipher.getInstance(&quot;AES/CBC/PKCS5Padding&quot;
72582373,Cipher.getInstance(&quot;AES/CBC/PKCS5Padding&quot;
70762783,Cipher.getInstance(&quot;AES/CBC/PKCS5Padding&quot;
58602277,"Cipher.getInstance(""AES/CBC/PKCS5Padding"""
59171252,"Cipher.getInstance(""AES/CBC/PKCS5Padding"""
66757704,Cipher.getInstance(&quot;AES/CBC/PKCS5Padding&quot;
70959675,Cipher.getInstance(&quot;AES/CBC/PKCS5Padding&quot;
71184960,Cipher.getInstance(&quot;AES/CBC/PKCS5Padding&quot;
71232977,Cipher.getInstance(&quot;AES/CBC/PKCS5Padding&quot;
59913009,"Cipher.getInstance(""AES/CBC/PKCS5Padding"""
60761300,"Cipher.getInstance(""AES/CBC/PKCS5Padding"""
50324110,"Cipher.getInstance(""AES/CBC/PKCS5Padding"""
50371708,"Cipher.getInstance(""AES/CBC/PKCS7Padding"""
50439315,"Cipher.getInstance(""AES/CBC/PKCS5Padding"""
61736306,"Cipher.getInstance(""AES/CBC/PKCS7Padding"""
61749908,"Cipher.getInstance(""AES/CBC/PKCS5Padding"""
47130341,"Cipher.getInstance(""AES/CBC/PKCS7Padding"""
47302221,"Cipher.getInstance(""AES/CBC/PKCS5Padding"", new SunJCE("
47691945,"Cipher.getInstance(""AES/CBC/PKCS5Padding"""
47795003,"Cipher.getInstance(""AES/CBC/PKCS5Padding"""
49527460,"Cipher.getInstance(""RSA/ECB/PKCS1Padding"""
72923984,Cipher.getInstance(&quot;AES/CBC/PKCS5Padding&quot;
73840450,"Cipher.getInstance(&quot;AES/CBC/PKCS7Padding&quot;, &quot;BC&quot;"
41592559,"Cipher.getInstance(""DESede"""
48908540,"Cipher.getInstance(""AES/CBC/PKCS5Padding"""
49854142,"Cipher.getInstance(""AES/CBC/PKCS5PADDING"""
49895431,"Cipher.getInstance(""AES/CBC/PKCS5Padding"""
62591015,Cipher.getInstance(&quot;AES/CBC/PKCS5Padding&quot;
62620145,Cipher.getInstance(&quot;AES/CBC/PKCS5PADDING&quot;
63579999,Cipher.getInstance(&quot;AES/CBC/PKCS5Padding&quot;
34339600,"Cipher.getInstance(""AES/CBC/NoPadding"""
51125993,"Cipher.getInstance(""AES/CBC/PKCS5PADDING"""
51337980,"Cipher.getInstance(""AES/CBC/PKCS5Padding"""
54226731,"Cipher.getInstance(""AES/CBC/PKCS5Padding"""
72107309,Cipher.getInstance(&quot;AES/CBC/PKCS5Padding&quot;
52714666,"Cipher.getInstance(""AES/CBC/PKCS5Padding"""
38766511,"Cipher.getInstance(""AES/CBC/NoPadding"""
63990329,Cipher.getInstance(&quot;RSA/ECB/PKCS1Padding&quot;
39487229,"Cipher.getInstance(""AES/CBC/PKCS5PADDING"""
39669917,"Cipher.getInstance(""AES/CBC/PKCS5Padding"""
53849926,"Cipher.getInstance(""AES/CBC/PKCS7Padding"""
40912097,"Cipher.getInstance(""AES/CBC/PKCS7Padding"", new BouncyCastleProvider("
41592559,"Cipher.getInstance(""DESede"""
73420555,Cipher.getInstance(&quot;AES/CBC/PKCS5Padding&quot;
42396690,"Cipher.getInstance(""AES/CBC/PKCS5Padding"""
54035252,"Cipher.getInstance(""AES/CBC/PKCS5Padding"""
23597984,"Cipher.getInstance(""AES/CBC/PKCS5Padding"""
23607188,"Cipher.getInstance(""RSA/ECB/PKCS1Padding"""
25956453,"Cipher.getInstance(""AES/CBC/PKCS5Padding"""
28210511,Cipher.getInstance(&quot;AES/CBC/PKCS5Padding&quot;
28672205,"Cipher.getInstance(""RSA/ECB/PKCS1PADDING"""
43157930,"Cipher.getInstance(""AES/CBC/PKCS5Padding"""
34025053,"Cipher.getInstance(""AES/CBC/PKCS5Padding"""
34121787,"Cipher.getInstance(""AES/CBC/PKCS5PADDING"""
35102148,"Cipher.getInstance(""AES/CBC/PKCS5Padding"""
36716043,"Cipher.getInstance(""AES/CBC/PKCS5Padding"""
36918174,"Cipher.getInstance(""AES/CBC/NoPadding"", ""SC"""
32536886,"Cipher.getInstance(""AES/CBC/PKCS5Padding"", ""SunJCE"""
65622286,Cipher.getInstance(&quot;AES/CBC/PKCS5Padding&quot;
66184216,Cipher.getInstance(&quot;AES/CBC/PKCS5Padding&quot;
33344891,"Cipher.getInstance(""AES/CBC/PKCS7Padding"""
33380471,"Cipher.getInstance(""AES/CBC/PKCS5Padding"""
12912799,"Cipher.getInstance(""AES/CBC/PKCS5Padding"",""SunJCE"""
13581694,"Cipher.getInstance(""AES/CBC/PKCS5Padding"""
44238131,"Cipher.getInstance(""AES/CBC/NoPadding"", provider"
45795880,"Cipher.getInstance(""AES/CBC/PKCS5Padding"""
44943997,"Cipher.getInstance(""AES/CBC/PKCS5Padding"""
45020037,"Cipher.getInstance(""AES/CBC/PKCS5Padding"""
15356954,"Cipher.getInstance(""AES/CBC/PKCS5Padding"""
5763723,"Cipher.getInstance(""AES/CBC/PKCS5Padding"""
55246524,"Cipher.getInstance(""AES/CBC/PKCS5Padding"""
17042590,"Cipher.getInstance(""AES/CBC/NoPadding"""
45953260,"Cipher.getInstance(""AES/CBC/PKCS7Padding"""
46190058,"Cipher.getInstance(""AES/CBC/PKCS5Padding"""
48729702,"Cipher.getInstance(""AES/CBC/NoPadding"""
17854366,"Cipher.getInstance(""AES/CBC/PKCS5Padding"""
72172007,Cipher.getInstance(&quot;AES/CBC/PKCS5Padding&quot;
33765651,"Cipher.getInstance(""DESede/CBC/PKCS5Padding"""
33799494,"Cipher.getInstance(""DESede/CBC/NoPadding"""
19149603,"Cipher.getInstance(""AES/CBC/PKCS5Padding"""
18477898,"Cipher.getInstance(""DESede/CBC/PKCS5Padding"""
20835808,"Cipher.getInstance(""DESede/CBC/NoPadding"""
21039119,"Cipher.getInstance(""DES/CBC/PKCS5Padding"""
36475346,"Cipher.getInstance(""AES/CBC/PKCS7Padding"""
37671623,"Cipher.getInstance(""AES/CBC/PKCS5PADDING"""
42884397,"Cipher.getInstance(""AES"""
11674277,"Cipher.getInstance(""DESede/CBC/PKCS5Padding"""
11899159,"Cipher.getInstance(""DESede/CBC/PKCS5Padding"""
10222284,"Cipher.getInstance(""DES/CBC/PKCS5Padding"""
19318319,"Cipher.getInstance(""AES/CBC/PKCS5Padding"""
11311247,"Cipher.getInstance(""DESede/CBC/PKCS5Padding"""
3443457,"Cipher.getInstance(""DESede/CBC/PKCS5Padding"""
46570108,"Cipher.getInstance(""AES/CBC/PKCS5Padding"""
46992584,"Cipher.getInstance(""AES/CBC/PKCS7Padding"""
47051259,"Cipher.getInstance(""AES"""
14931379,"Cipher.getInstance(""AES/CBC/PKCS5Padding"", ""BC"""
10060261,"Cipher.getInstance(""AES/CBC/PKCS5Padding"""
8330364,"Cipher.getInstance(""AES/CBC/PKCS5Padding"""
8343894,"Cipher.getInstance(""AES/CBC/PKCS5Padding"""
10842350,"Cipher.getInstance(""AES/CBC/NoPadding"""
8296189,"Cipher.getInstance(""AES/CBC/NoPadding"""
6020648,"Cipher.getInstance(""DESede/CBC/PKCS7Padding"", ""BC"""
17019024,"Cipher.getInstance(""DESede/CBC/PKCS5Padding"""
21056311,"Cipher.getInstance(""DES/CBC/PKCS5Padding"""
20071012,"Cipher.getInstance(""DESede/CBC/PKCS5Padding"""
21043028,"Cipher.getInstance(""AES/CBC/PKCS5Padding"", ""BC"""
21885140,"Cipher.getInstance(""AES/CBC/PKCS5Padding"""
17316547,"Cipher.getInstance(""DES/CBC/PKCS5Padding"""
908714,"Cipher.getInstance(""AES/CBC/NoPadding"""
8791701,"Cipher.getInstance(""AES/CBC/PKCS5PADDING"""
74028210,"Cipher.getInstance(&quot;AES/CBC/PKCS7Padding&quot;, &quot;BC&quot;"
18521252,"Cipher.getInstance(""AES/CBC/PKCS5Padding"""
20801073,"Cipher.getInstance(""AES/CBC/PKCS5Padding"""
38340451,"Cipher.getInstance(""AES/CBC/PKCS7Padding"""
38344586,Cipher.getInstance(CIPHER_ALGORITHM
16721266,"Cipher.getInstance(""AES/CBC/PKCS5Padding"""
18916945,"Cipher.getInstance(""AES/CBC/NoPadding"""
74645257,Cipher.getInstance(&quot;AES/CBC/PKCS5Padding&quot;
74144009,Cipher.getInstance(&quot;AES/CBC/PKCS5Padding&quot;
20888851,Cipher.getInstance(&quot;AES/CBC/PKCS5Padding&quot;
22427479,"Cipher.getInstance(""AES/CBC/PKCS5Padding"""
21105156,"Cipher.getInstance(""DES/CBC/PKCS5Padding"""
21913803,"Cipher.getInstance(""DES/ECB/PKCS5Padding"""
20711837,"Cipher.getInstance(""DES/CBC/PKCS5Padding"""
34164395,"Cipher.getInstance(""DESede/CBC/NoPadding"""
36054150,"Cipher.getInstance(SecurityConstant.BLOW_FISH_CBC_ZEROBYTE_ALGO, SecurityConstant.BC"
32008047,"Cipher.getInstance(""AES/CBC/NoPadding"""
18031130,"Cipher.getInstance(""AES/CBC/PKCS5Padding"""
19196728,"Cipher.getInstance(""AES/CBC/PKCS7Padding"""
74601513,Cipher.getInstance(&quot;AES/CBC/PKCS7Padding&quot;
29535663,"Cipher.getInstance(""AES/CBC/PKCS5Padding"""
29574587,"Cipher.getInstance(""AES/CBC/PKCS5Padding"""
13969530,"Cipher.getInstance(""AES/CBC/PKCS5Padding"""
14008879,"Cipher.getInstance(""AES/CBC/PKCS5PADDING"""
14124936,"Cipher.getInstance(""AES/CBC/PKCS5Padding"""
12730470,"Cipher.getInstance(""AES/CBC/NoPadding"""
30014992,"Cipher.getInstance(""AES/CBC/PKCS5Padding"""
21354559,"Cipher.getInstance(""Blowfish/CBC/PKCS5Padding"""
31720188,"Cipher.getInstance(""DES/CBC/PKCS5Padding"""
59815078,"Cipher.getInstance(""DES/CBC/PKCS5Padding"""
27236039,"Cipher.getInstance(""AES/CBC/PKCS5PADDING"""
25358931,"Cipher.getInstance(""AES/CBC/PKCS7Padding"""
21465637,"Cipher.getInstance(""AES/CBC/PKCS7Padding"""
21480202,"Cipher.getInstance(""AES/CBC/PKCS5Padding"""
29335981,"Cipher.getInstance(""AES/CBC/PKCS5Padding"""
20802380,"Cipher.getInstance(""AES/CBC/PKCS5PADDING"""
12895031,"Cipher.getInstance(""AES/CBC/PKCS5Padding"", ""BC"""
9570816,"Cipher.getInstance(""AES/CBC/PKCS5Padding"""
10247896,"Cipher.getInstance(""AES/CBC/PKCS5Padding"", ""SunJCE"""
9785400,"Cipher.getInstance(""AES/CBC/NoPadding"""
10457844,"Cipher.getInstance(""AES/CBC/PKCS5Padding"""
24440252,"Cipher.getInstance(""AES/CBC/PKCS5Padding"""
20770072,"Cipher.getInstance(""AES/CBC/PKCS5Padding"""
18515977,"Cipher.getInstance(""AES/CBC/PKCS5Padding"""
19196267,"Cipher.getInstance(""AES/CBC/ZeroBytePadding"""
22530382,"Cipher.getInstance(""AES/CBC/PKCS5PADDING"""
20185689,"Cipher.getInstance(""AES/CBC/PKCS5Padding"""
72945189,Cipher.getInstance(&quot;AES/CBC/PKCS5Padding&quot;
21495944,"Cipher.getInstance(""AES/CBC/NoPadding"""
22071933,"Cipher.getInstance(""AES/CBC/PKCS5Padding"""
22347048,"Cipher.getInstance(""AES/CBC/PKCS5Padding"""
24749303,"Cipher.getInstance(""AES/CBC/NoPadding"""
23293180,"Cipher.getInstance(""AES/CBC/PKCS5Padding"""
23294482,"Cipher.getInstance(""AES/CBC/PKCS5Padding"""
11266556,"Cipher.getInstance(""AES/CBC/PKCS5Padding"""
23879032,"Cipher.getInstance(""AES/CBC/PKCS5Padding"""
24121346,"Cipher.getInstance(""AES/CBC/PKCS5Padding"""
1769015,"Cipher.getInstance(""AES/CBC/PKCS5Padding"""
55757515,"Cipher.getInstance(""Blowfish/CBC/PKCS5Padding"""
3092190,"Cipher.getInstance(""AES/CBC/PKCS5Padding"""
25001552,"Cipher.getInstance(""AES/CBC/PKCS5Padding"""
6547214,"Cipher.getInstance(""AES/CBC/NoPadding"""
13467343,"Cipher.getInstance(""AES/CBC/PKCS5Padding"""
6669181,"Cipher.getInstance(""AES/CBC/PKCS5Padding"""
6927177,"Cipher.getInstance(""AES/CBC/NoPadding"""
26824828,"Cipher.getInstance(""AES/CBC/PKCS5Padding"""
27492292,"Cipher.getInstance(""AES/CBC/PKCS5Padding"""
9442342,"Cipher.getInstance(""AES/CBC/PKCS5Padding"""
15686527,"Cipher.getInstance(""AES/CBC/PKCS5Padding"""
19297605,"Cipher.getInstance(""AES/CBC/PKCS5Padding"", ""BC"""
19788160,"Cipher.getInstance(""AES/CBC/PKCS5Padding"""
12053299,"Cipher.getInstance(""AES/CBC/PKCS5Padding"""
8296587,"Cipher.getInstance(""AES/CBC/NoPadding"""
10424334,"Cipher.getInstance(""AES/CBC/PKCS7Padding"", ""BC"""
26401076,"Cipher.getInstance(""AES/CBC/PKCS5Padding"""
25284279,"Cipher.getInstance(""AES/CBC/PKCS5Padding"""
26058823,"Cipher.getInstance(""AES/CBC/PKCS5Padding"""
28455785,"Cipher.getInstance(""AES/CBC/ISO10126Padding"""
28510887,Cipher.getInstance(&quot;AES/CBC/PKCS5Padding&quot;
12330078,"Cipher.getInstance(""AES/CBC/PKCS5Padding"""
26941518,"Cipher.getInstance(""AES/CBC/PKCS5Padding"""
26950251,"Cipher.getInstance(""AES/CBC/PKCS5Padding"""
14054593,"Cipher.getInstance(""AES/CBC/PKCS5Padding"""
12645489,"Cipher.getInstance(""AES/CBC/PKCS5Padding"""
21086103,"Cipher.getInstance(""AES/CBC/PKCS5Padding"""
20297621,"Cipher.getInstance(""AES/CBC/PKCS5Padding"""
4663912,"Cipher.getInstance(""AES/CBC/PKCS5Padding"""
8320100,"Cipher.getInstance(""AES/CBC/PKCS5Padding"""
13233446,"Cipher.getInstance(""AES/CBC/NoPadding"""
11838881,"Cipher.getInstance(""AES/CBC/PKCS5Padding"""
18118291,"Cipher.getInstance(""AES/CBC/NoPadding"""
10630099,"Cipher.getInstance(""AES/CBC/PKCS5Padding"""
15622924,"Cipher.getInstance(""AES/CBC/PKCS5Padding"""
5570834,"Cipher.getInstance(""AES/CBC/PKCS5Padding"""
7166275,"Cipher.getInstance(""AES/CBC/PKCS5Padding"""
20153539,"Cipher.getInstance(""AES/CBC/PKCS5PADDING"""
31789906,"Cipher.getInstance(""AES/CBC/PKCS5Padding"""
13969184,"Cipher.getInstance(""AES/CBC/PKCS5Padding"""
34317194,"Cipher.getInstance(""AES/CBC/ISO10126Padding"""
30555101,"Cipher.getInstance(""AES/CBC/PKCS5Padding"""
14263950,"Cipher.getInstance(""AES/CBC/PKCS5Padding"""
30932939,"Cipher.getInstance(""AES/CBC/PKCS5PADDING"""
15371370,"Cipher.getInstance(""AES/CBC/NoPadding"", ""SunJCE"""
6873325,"Cipher.getInstance(""AES/CBC/NoPadding"""
992019,"Cipher.getInstance(""AES/CBC/PKCS7Padding"""
30153959,"Cipher.getInstance(""AES/CBC/NoPadding"""
27876420,"Cipher.getInstance(""AES/CBC/PKCS5Padding"""
27879769,"Cipher.getInstance(""AES/CBC/PKCS5Padding"""
12131627,"Cipher.getInstance(""AES/CBC/PKCS5Padding"""
28922349,"Cipher.getInstance(""AES/CBC/PKCS5padding"""
28957479,"Cipher.getInstance(""AES/CBC/PKCS5Padding"""
29157648,"Cipher.getInstance(""AES/CBC/NOPADDING"""
35042781,"Cipher.getInstance(""AES"""
35070533,"Cipher.getInstance(""AES/CBC/NoPadding"""
33284294,"Cipher.getInstance(""AES/CBC/PKCS5Padding"""
33413723,"Cipher.getInstance(""AES/CBC/PKCS5Padding"""
13021923,"Cipher.getInstance(""AES/CBC/PKCS5Padding"""
34360794,"Cipher.getInstance(""AES/CBC/PKCS5Padding"""
34430099,"Cipher.getInstance(""AES/CBC/PKCS5Padding"""
34440854,Cipher.getInstance(TRANSFORMATION
6938750,"Cipher.getInstance(""AES/CBC/PKCS5Padding"""
13072154,"Cipher.getInstance(""AES/CBC/PKCS5Padding"""
31036780,"Cipher.getInstance(""AES/CBC/PKCS5Padding"""
26895014,"Cipher.getInstance(""AES/CBC/PKCS5Padding"""
992413,Cipher.getInstance(&quot;AES/CBC/PKCS5Padding&quot;
6831129,Cipher.getInstance(
37030469,"Cipher.getInstance(""AES/CBC/PKCS5Padding"""
36991956,"Cipher.getInstance(""AES/CBC/PKCS5Padding"""
37139036,"Cipher.getInstance(""AES/CBC/NoPadding"""
15882088,"Cipher.getInstance(Cipher.ALG_AES_BLOCK_128_CBC_NOPAD, false"
37368710,"Cipher.getInstance(""AES/CBC/PKCS5Padding"""
7027868,"Cipher.getInstance(""AES/CBC/NoPadding"""
7171899,"Cipher.getInstance(""AES/CBC/PKCS5Padding"""
10248237,"Cipher.getInstance(""AES/CBC/NoPadding"", ""SunJCE"""
10843053,"Cipher.getInstance(""AES/CBC/NoPadding"""
35228318,"Cipher.getInstance(""AES/CBC/PKCS5PADDING"""
23684596,"Cipher.getInstance(""AES/CBC/NoPadding"""
20364903,"Cipher.getInstance(""AES/CBC/PKCS5Padding"""
23868231,"Cipher.getInstance(""AES/CBC/PKCS5Padding"""
35399035,"Cipher.getInstance(""AES/CBC/PKCS5Padding"""
12053469,"Cipher.getInstance(""AES/CBC/PKCS5Padding"""
34402933,"Cipher.getInstance(""AES/CBC/NoPadding"", ""SunJCE"""
34584743,"Cipher.getInstance(""AES/CBC/PKCS5Padding"""
42404354,"Cipher.getInstance(""AES/CBC/NoPadding"""
40637868,"Cipher.getInstance(""AES/CBC/PKCS5Padding"""
17286045,Cipher.getInstance(ALGO
40411116,"Cipher.getInstance(""AES/CBC/PKCS5Padding"""
36827352,"Cipher.getInstance(""AES/CBC/PKCS7Padding"""
40575847,"Cipher.getInstance(""AES/CBC/PKCS5Padding"""
31275861,"Cipher.getInstance(""AES/CBC/NoPadding"""
31292419,Cipher.getInstance(&quot;AES/CBC/PKCS5Padding&quot;
40772711,"Cipher.getInstance(""AES/CBC/NoPadding"""
41678504,"Cipher.getInstance(""AES/CBC/NoPadding"""
34860527,"Cipher.getInstance(""AES/CBC/PKCS5Padding"""
40304073,"Cipher.getInstance(""AES/CBC/PKCS7Padding"""
47656876,"Cipher.getInstance(""AES/CBC/PKCS5Padding"""
46835158,"Cipher.getInstance(""AES/CBC/PKCS5Padding"""
48674646,"Cipher.getInstance(""RSA"""
20362873,"Cipher.getInstance(""AES/CBC/PKCS7Padding"""
22589737,"Cipher.getInstance(""AES/CBC/PKCS5Padding"""
24322564,"Cipher.getInstance(""AES/CBC/NoPadding"""
24405731,"Cipher.getInstance(""AES/CBC/PKCS5Padding"""
46029198,"Cipher.getInstance(""AES/CBC/PKCS5Padding"", ""BC"""
39484455,"Cipher.getInstance(""AES/CBC/PKCS7PADDING"""
45518870,Cipher.getInstance(&quot;AES/CBC/PKCS5PADDING&quot;
44202499,"Cipher.getInstance(""AES/CBC/PKCS7Padding"", ""BC"""
42750869,"Cipher.getInstance(""AES/CBC/PKCS5Padding"""
44217923,Cipher.getInstance(&quot;AES/CBC/PKCS5Padding&quot;
44234719,"Cipher.getInstance(""AES/CBC/PKCS5PADDING"""
43371597,"Cipher.getInstance(""AES/CBC/PKCS7Padding"""
33954321,"Cipher.getInstance(""AES/CBC/NoPadding"""
42856093,"Cipher.getInstance(""AES/CBC/PKCS5PADDING"""
42878885,"Cipher.getInstance(""AES/CBC/NoPadding"""
39497369,"Cipher.getInstance(""AES/CBC/PKCS5Padding"""
41737517,"Cipher.getInstance(""AES/CBC/PKCS5Padding"""
52008670,"Cipher.getInstance(""AES/CBC/PKCS5Padding"""
40457339,"Cipher.getInstance(""AES/CBC/PKCS5Padding"", ""BC"""
37803710,"Cipher.getInstance(""AES/CBC/PKCS5Padding"""
52515653,"Cipher.getInstance(""AES/CBC/PKCS5PADDING"""
42350093,"Cipher.getInstance(""AES/CBC/PKCS5Padding"""
42387514,Cipher.getInstance(modeStr
43085759,"Cipher.getInstance(""AES/CBC/PKCS5Padding"", ""SC"""
51117639,"Cipher.getInstance(""AES/CBC/NoPadding"""
55216692,"Cipher.getInstance(""AES/CBC/PKCS5Padding"""
32069063,"Cipher.getInstance(""AES/CBC/PKCS5Padding"""
33802314,"Cipher.getInstance(""AES/CBC/NoPadding"""
50093314,"Cipher.getInstance(""AES/CBC/PKCS5Padding"""
50199158,"Cipher.getInstance(""AES/CBC/NoPadding"""
50228123,"Cipher.getInstance(""AES/CBC/PKCS5Padding"""
50249825,"Cipher.getInstance(""AES/CBC/PKCS5Padding"""
42136983,"Cipher.getInstance(""AES/CBC/PKCS5Padding"""
50922462,"Cipher.getInstance(""AES/CBC/PKCS5PADDING"""
36219434,"Cipher.getInstance(""AES/CBC/NoPadding"""
59715375,"Cipher.getInstance(""AES/CBC/PKCS5Padding"""
34885198,"Cipher.getInstance(""AES/CBC/PKCS5Padding"""
34933816,"Cipher.getInstance(""AES/CBC/PKCS5Padding"""
34193514,"Cipher.getInstance(""AES/CBC/PKCS5Padding"""
58395913,"Cipher.getInstance(""AES/CBC/PKCS5PADDING"""
58462033,"Cipher.getInstance(""AES/CBC/PKCS5Padding"""
48886992,"Cipher.getInstance(""AES/CBC/PKCS5Padding"""
49435812,"Cipher.getInstance(""AES/CBC/PKCS7PADDING"""
40427139,"Cipher.getInstance(""AES/CBC/PKCS5Padding"""
60387628,"Cipher.getInstance(""AES/CBC/PKCS5Padding"""
10585366,"Cipher.getInstance(""AES/CBC/PKCS5Padding"""
68179517,Cipher.getInstance(&quot;AES/CBC/PKCS5Padding&quot;
68225945,Cipher.getInstance(&quot;AES/CBC/PKCS5Padding&quot;
55384527,"Cipher.getInstance(""AES/CBC/PKCS5Padding"", ""SunJCE"""
58731671,"Cipher.getInstance(""AES/CBC/PKCS5Padding"""
42178544,"Cipher.getInstance(""AES/CBC/PKCS5PADDING"""
40100629,"Cipher.getInstance(""AES/CBC/PKCS5PADDING"""
55568497,"Cipher.getInstance(""AES/CBC/PKCS5PADDING"""
54597331,"Cipher.getInstance(""AES"""
55901662,"Cipher.getInstance(""AES/CBC/PKCS5Padding"""
53646218,"Cipher.getInstance(""AES/CBC/PKCS5Padding"""
65244260,Cipher.getInstance(&quot;AES/CBC/PKCS5Padding&quot;
65299150,Cipher.getInstance(&quot;AES/CBC/PKCS5Padding&quot;
47976657,"Cipher.getInstance(""AES/CBC/PKCS5Padding"""
64443373,Cipher.getInstance(&quot;AES/CBC/PKCS5Padding&quot;
53269222,"Cipher.getInstance(""AES/CBC/PKCS5Padding"""
53319308,"Cipher.getInstance(""AES/CBC/NoPadding"""
64655886,Cipher.getInstance(&quot;AES/CBC/PKCS7Padding&quot;
58621582,"Cipher.getInstance(""AES/CBC/NoPadding"""
58653218,"Cipher.getInstance(""AES/CBC/PKCS5Padding"""
55263930,"Cipher.getInstance(""AES/CBC/PKCS5Padding"""
66499175,Cipher.getInstance(&quot;AES/CBC/PKCS5PADDING&quot;
63143007,Cipher.getInstance(&quot;AES/CBC/PKCS5Padding&quot;
63599484,Cipher.getInstance(&quot;AES/CBC/PKCS5Padding&quot;
67685779,Cipher.getInstance(&quot;AES/CBC/PKCS5Padding&quot;
69094658,"Cipher.getInstance(&quot;AES/CBC/PKCS7Padding&quot;,BouncyCastleProvider.PROVIDER_NAME"
68458643,Cipher.getInstance(&quot;AES/CBC/PKCS5PADDING&quot;
18188076,"Cipher.getInstance(""AES/CBC/NoPadding"", ""SunJCE"""
70296235,Cipher.getInstance(&quot;AES/CBC/PKCS5Padding&quot;
70375050,Cipher.getInstance(&quot;AES/CBC/PKCS5PADDING&quot;
62528473,Cipher.getInstance(&quot;AES/CBC/PKCS7Padding&quot;
70907748,Cipher.getInstance(&quot;AES/CBC/PKCS5Padding&quot;
72684605,Cipher.getInstance(&quot;RSA/ECB/PKCS1Padding&quot;
53038866,"Cipher.getInstance(""AES/CBC/PKCS5PADDING"", ""SunJCE"""
53051754,"Cipher.getInstance(""AES/CBC/PKCS5Padding"""
52112918,"Cipher.getInstance(""AES/CBC/PKCS5Padding"""
72856975,Cipher.getInstance(&quot;AES/CBC/PKCS5Padding&quot;
6553036,"Cipher.getInstance(""AES/CBC/NoPadding"""
6669812,"Cipher.getInstance(""AES/CBC/PKCS5Padding"""
63632975,Cipher.getInstance(&quot;AES/CBC/PKCS7Padding&quot;
72938303,Cipher.getInstance(&quot;AES/CBC/PKCS5Padding&quot;
71865785,Cipher.getInstance(&quot;AES/CBC/PKCS5Padding&quot;
58599423,"Cipher.getInstance(""AES/CBC/PKCS5Padding"""
58831677,"Cipher.getInstance(""AES/CBC/PKCS5Padding"""
48439278,"Cipher.getInstance(""AES/CBC/PKCS5Padding"""
47576722,"Cipher.getInstance(""AES/CBC/PKCS5Padding"""
46452354,"Cipher.getInstance(""AES/CBC/PKCS5Padding"""
61134184,"Cipher.getInstance(""AES/CBC/PKCS5Padding"""
68698662,Cipher.getInstance(&quot;AES/CBC/PKCS7Padding&quot;
67978412,Cipher.getInstance(&quot;AES/CBC/NoPadding&quot;
69524957,Cipher.getInstance(&quot;AES/CBC/PKCS5Padding&quot;
67546548,Cipher.getInstance(&quot;AES/CBC/PKCS5Padding&quot;
67564254,Cipher.getInstance(&quot;AES/CBC/PKCS5Padding&quot;
66742361,Cipher.getInstance(&quot;AES/CBC/NoPadding&quot;
66841666,Cipher.getInstance(&quot;AES/CBC/PKCS5PADDING&quot;
54670859,"Cipher.getInstance(""AES/CBC/PKCS5Padding"""
53790664,"Cipher.getInstance(""AES/CBC/PKCS7Padding"""
53845964,"Cipher.getInstance(""AES/CBC/PKCS5Padding"""
62712114,Cipher.getInstance(&quot;AES/CBC/PKCS5Padding&quot;
62978024,Cipher.getInstance(&quot;AES/CBC/NoPadding&quot;
63484091,Cipher.getInstance(&quot;AES/CBC/PKCS5Padding&quot;
63495827,Cipher.getInstance(&quot;AES/CBC/PKCS7Padding&quot;
60170232,"Cipher.getInstance(""AES/CBC/PKCS5Padding"""
63864527,Cipher.getInstance(&quot;AES/CBC/PKCS5PADDING&quot;
63920039,Cipher.getInstance(&quot;AES/CBC/PKCS5Padding&quot;
49590199,"Cipher.getInstance(""AES/CBC/PKCS5Padding"""
53069915,"Cipher.getInstance(""AES/CBC/PKCS5PADDING"""
54141277,"Cipher.getInstance(""AES/CBC/PKCS5PADDING"""
53255574,"Cipher.getInstance(""AES/CBC/PKCS5PADDING"""
56851220,"Cipher.getInstance(""AES/CBC/PKCS5PADDING"""
54160622,"Cipher.getInstance(""AES/CBC/NoPadding"""
54171959,"Cipher.getInstance(""AES/CBC/PKCS5Padding"""
50795427,"Cipher.getInstance(""AES/CBC/PKCS5Padding"""
50954927,"Cipher.getInstance(""AES/CBC/PKCS5Padding"", ""BC"""
67319785,Cipher.getInstance(&quot;AES/CBC/PKCS5Padding&quot;
66044882,Cipher.getInstance(&quot;AES/CBC/PKCS5Padding&quot;
51733626,"Cipher.getInstance(""AES/CBC/PKCS5Padding"""
70017370,"Cipher.getInstance(&quot;AES/CBC/NoPadding&quot;, &quot;SunJCE&quot;"
68057490,Cipher.getInstance(&quot;AES/CBC/PKCS5Padding&quot;
52460037,"Cipher.getInstance(""AES/CBC/PKCS5Padding"""
5518901,"Cipher.getInstance(""AES/CBC/PKCS5Padding"""
65220090,Cipher.getInstance(&quot;AES/CBC/PKCS5Padding&quot;
40022672,"Cipher.getInstance(""AES/CBC/NoPadding"", ""SunJCE"""
40050594,"Cipher.getInstance(""AES/CBC/PKCS5Padding"""
53706907,"Cipher.getInstance(""AES/CBC/PKCS5PADDING"""
53939137,"Cipher.getInstance(""AES/CBC/PKCS5PADDING"""
41348741,"Cipher.getInstance(""AES/CBC/PKCS5Padding"""
42815153,"Cipher.getInstance(""AES/CBC/PKCS5PADDING"""
63673673,Cipher.getInstance(&quot;AES/CBC/PKCS5Padding&quot;
44259188,"Cipher.getInstance(""AES/CBC/PKCS5Padding"""
44438575,"Cipher.getInstance(""AES/CBC/PKCS5Padding"", ""IBMJCE"""
45078929,"Cipher.getInstance(""AES/CBC/PKCS5Padding"""
43888964,"Cipher.getInstance(""AES/CBC/PKCS5Padding"""
43890592,"Cipher.getInstance(""AES/CBC/NoPadding"""
54501320,"Cipher.getInstance(""AES/CBC/PKCS5PADDING"""
44135075,"Cipher.getInstance(""AES/CBC/NoPadding"""
45898618,"Cipher.getInstance(""AES/CBC/PKCS5Padding"""
66431800,Cipher.getInstance(&quot;AES/CBC/PKCS5Padding&quot;
26693239,"Cipher.getInstance(""AES/CBC/PKCS5Padding"""
28034744,"Cipher.getInstance(""AES/CBC/NoPadding"""
44907092,"Cipher.getInstance(""AES/CBC/PKCS5PADDING"""
28389807,"Cipher.getInstance(""AES/CBC/PKCS5Padding"""
28622438,"Cipher.getInstance(""AES/CBC/PKCS5Padding"""
28627398,"Cipher.getInstance(""AES/CBC/PKCS5PADDING"""
29074406,"Cipher.getInstance(""AES/CBC/PKCS5Padding"""
56001844,"Cipher.getInstance(""AES/CBC/PKCS5Padding"""
30043096,"Cipher.getInstance(""AES/CBC/PKCS7Padding"", ""BC"""
30062440,"Cipher.getInstance(""AES/CBC/PKCS5Padding"""
45420936,"Cipher.getInstance(""AES/CBC/PKCS5Padding"""
31012727,"Cipher.getInstance(""AES/CBC/PKCS5Padding"""
64954393,Cipher.getInstance(&quot;AES/CBC/PKCS7Padding&quot;
64966076,Cipher.getInstance(&quot;AES/CBC/PKCS5Padding&quot;
65184317,Cipher.getInstance(&quot;AES/CBC/PKCS5Padding&quot;
65195128,Cipher.getInstance(&quot;AES/CBC/NoPadding&quot;
13729316,"Cipher.getInstance(""RSA"""
31800764,"Cipher.getInstance(""AES/CBC/PKCS5Padding"""
32077760,"Cipher.getInstance(""AES"""
33130994,"Cipher.getInstance(""AES/CBC/PKCS5Padding"""
15610329,"Cipher.getInstance(""AES/CBC/NoPadding"""
15018206,"Cipher.getInstance(""AES/CBC/PKCS5Padding"""
45922643,"Cipher.getInstance(""AES/CBC/PKCS5Padding"""
46211416,"Cipher.getInstance(""AES/CBC/PKCS5Padding"""
16240013,"Cipher.getInstance(""AES/CBC/NoPadding"""
33624498,"Cipher.getInstance(""AES/CBC/PKCS5padding"""
34823196,"Cipher.getInstance(""AES/CBC/PKCS7Padding"""
18234234,"Cipher.getInstance(""AES/CBC/PKCS5Padding"""
56347678,"Cipher.getInstance(""AES/CBC/PKCS5Padding"""
56415724,"Cipher.getInstance(""AES/CBC/PKCS5Padding"""
63143584,Cipher.getInstance(&quot;AES/CBC/PKCS5Padding&quot;
63488073,Cipher.getInstance(&quot;AES/CBC/PKCS5Padding&quot;
19277401,"Cipher.getInstance(""AES/CBC/PKCS5Padding"", ""BC"""
51653830,"Cipher.getInstance(""AES/CBC/PKCS5Padding"""
66228671,Cipher.getInstance(&quot;AES/CTR/NOPADDING&quot;
35907877,"Cipher.getInstance(""AES/CBC/PKCS5Padding"""
37016483,"Cipher.getInstance(""AES/CBC/PKCS5Padding"""
37248569,"Cipher.getInstance(""AES/CBC/PKCS5Padding"""
37877152,"Cipher.getInstance(""AES/CBC/NoPadding"", ""SunJCE"""
42896564,"Cipher.getInstance(""AES/CBC/PKCS5Padding"""
37477635,"Cipher.getInstance(""AES/CBC/PKCS5Padding"""
67098827,Cipher.getInstance(&quot;AES/CBC/PKCS5PADDING&quot;
21965102,"Cipher.getInstance(""AES/CBC/PKCS5Padding"""
71867107,Cipher.getInstance(&quot;AES/CBC/PKCS5Padding&quot;
773912,"Cipher.getInstance(""AES/CBC/NoPadding"""
47807895,"Cipher.getInstance(""AES/CBC/PKCS5Padding"""
48241140,"Cipher.getInstance(""AES/CBC/PKCS5Padding"""
49340005,"Cipher.getInstance(""AES/CBC/PKCS5Padding"""
49804863,"Cipher.getInstance(""AES/CBC/PKCS5Padding"""
64962655,Cipher.getInstance(&quot;AES/CBC/NoPadding&quot;
65502089,Cipher.getInstance(&quot;AES/CBC/PKCS5Padding&quot;
3862800,"Cipher.getInstance(""AES/CBC/PKCS7Padding"", ""BC"""
72629693,Cipher.getInstance(&quot;AES/CBC/PKCS5PADDING&quot;
51329687,"Cipher.getInstance(""AES/CBC/PKCS5Padding"""
51427193,"Cipher.getInstance(""AES/CBC/PKCS5Padding"""
52460565,"Cipher.getInstance(""AES/CBC/PKCS5Padding"""
23371389,"Cipher.getInstance(""AES/CBC/PKCS5Padding"""
53071615,"Cipher.getInstance(""AES/CBC/PKCS5PADDING"""
53265814,"Cipher.getInstance(""AES/CBC/PKCS5Padding"""
53320852,"Cipher.getInstance(""AES/CBC/NoPadding"""
6870496,"Cipher.getInstance(""AES/CBC/NoPadding"""
7026896,"Cipher.getInstance(""AES/CBC/NoPadding"""
7050445,"Cipher.getInstance(""AES/CBC/NoPadding"""
7056555,"Cipher.getInstance(""AES/CBC/NoPadding"""
53795280,"Cipher.getInstance(""AES/CBC/PKCS5Padding"""
39064479,"Cipher.getInstance(""AES/CBC/PKCS5Padding"""
26825064,"Cipher.getInstance(""AES/CBC/PKCS5Padding"""
26851569,"Cipher.getInstance(""AES/CBC/PKCS5Padding"""
27879803,"Cipher.getInstance(""AES/CBC/PKCS5Padding"""
27245922,"Cipher.getInstance(""AES/CBC/PKCS5Padding"""
55222317,"Cipher.getInstance(""AES/CBC/PKCS5Padding"""
28624160,"Cipher.getInstance(""AES/CBC/PKCS5Padding"""
10327126,"Cipher.getInstance(""AES/CBC/NoPadding"""
774122,"Cipher.getInstance(""AES/CBC/PKCS5Padding"""
31245375,"Cipher.getInstance(""AES/CBC/PKCS5Padding"""
55916311,"Cipher.getInstance(""AES/CBC/PKCS5Padding"""
56192409,"Cipher.getInstance(""AES/CBC/PKCS5Padding"""
13933325,"Cipher.getInstance(""AES/CBC/PKCS5Padding"""
16144016,"Cipher.getInstance(""AES/CBC/NoPadding"""
27670368,"Cipher.getInstance(""AES/CBC/NoPadding"""
30283960,"Cipher.getInstance(""AES/CBC/PKCS5Padding"""
30097936,"Cipher.getInstance(""AES/CBC/NoPadding"""
31306198,"Cipher.getInstance(""AES/CBC/NoPadding"""
31802532,"Cipher.getInstance(""AES/CBC/NoPadding"""
25891361,"Cipher.getInstance(""AES/CBC/NoPadding"""
25942165,"Cipher.getInstance(""AES/CBC/PKCS7Padding"""
26512745,"Cipher.getInstance(""AES/CBC/PKCS5Padding"""
32977032,"Cipher.getInstance(""AES/CBC/PKCS7Padding"""
60393217,"Cipher.getInstance(""AES/CBC/PKCS5Padding"""
37878168,"Cipher.getInstance(""AES/CBC/PKCS5Padding"", ""SunJCE"""
38925449,"Cipher.getInstance(""AES/CTR/NoPadding"", ""BC"""
39064616,"Cipher.getInstance(""AES/CBC/PKCS5Padding"""
10672737,"Cipher.getInstance(""AES/CBC/PKCS5Padding"", ""BC"""
11543268,"Cipher.getInstance(""AES/CBC/PKCS5Padding"""
11953053,"Cipher.getInstance(""AES/CBC/PKCS5Padding"""
12076851,"Cipher.getInstance(""AES/CBC/PKCS5Padding"""
12101753,"Cipher.getInstance(""AES/CBC/NoPadding"""
12791339,"Cipher.getInstance(""AES"""
12798048,"Cipher.getInstance(""AES/CBC/NoPadding"""
12799726,"Cipher.getInstance(""AES/CBC/PKCS7Padding"""
41564095,"Cipher.getInstance(""AES/CBC/PKCS5PADDING"""
42091948,"Cipher.getInstance(""AES/CBC/PKCS5Padding"""
17323025,"Cipher.getInstance(""AES/CBC/PKCS5Padding"""
61847184,"Cipher.getInstance(""AES/CBC/PKCS7Padding"""
67989303,Cipher.getInstance(&quot;AES/CBC/PKCS5Padding&quot;
68058008,Cipher.getInstance(&quot;AES/CBC/PKCS5Padding&quot;
1761482,"Cipher.getInstance(""AES/CBC/PKCS5Padding"""
22445878,"Cipher.getInstance(""AES/CBC/PKCS5PADDING"""
44081638,"Cipher.getInstance(""AES/CBC/PKCS5Padding"""
44286040,"Cipher.getInstance(""AES/CBC/PKCS5Padding"""
44891805,"Cipher.getInstance(""AES/CBC/PKCS5Padding"""
22695880,"Cipher.getInstance(""AES/CBC/PKCS5Padding"""
34585926,"Cipher.getInstance(""DES/CBC"""
22607772,"Cipher.getInstance(""AES/CBC/NoPadding"""
69095123,"Cipher.getInstance(&quot;AES/CBC/PKCS7Padding&quot;, BouncyCastleProvider.PROVIDER_NAME"
74093529,Cipher.getInstance(&quot;AES/CBC/PKCS5Padding&quot;
74637124,Cipher.getInstance(&quot;AES/CBC/PKCS5Padding&quot;
74222175,Cipher.getInstance(&quot;AES/CBC/PKCS5Padding&quot;
74154283,Cipher.getInstance(&quot;AES/CBC/PKCS5Padding&quot;
74602286,Cipher.getInstance(&quot;AES/CBC/PKCS5PADDING&quot;
19372343,"Cipher.getInstance(""DESede/CBC/PKCS5Padding"""
27898008,"Cipher.getInstance(""DES/CBC/PKCS5Padding"""
2279317,"Cipher.getInstance(""DES/CBC/PKCS5Padding"""
8468799,"Cipher.getInstance(""Blowfish/ECB/NoPadding"""
8482258,"Cipher.getInstance(""RC2/CBC/NoPadding"""
9895299,"Cipher.getInstance(""DES/CBC/PKCS5Padding"""
32651324,"Cipher.getInstance(""DES/CBC/PKCS5Padding"""
34192629,"Cipher.getInstance(""DES"""
34817697,"Cipher.getInstance(""DESede/CBC/PKCS5Padding"""
34923553,"Cipher.getInstance(""DES/CBC/PKCS5Padding"""
66281245,Cipher.getInstance(&quot;DES/CBC/PKCS5Padding&quot;
49774837,"Cipher.getInstance(""desede/CBC/PKCS5Padding"""
53254779,"Cipher.getInstance(""DES"""
55718398,"Cipher.getInstance(""DES/CBC/PKCS5Padding"""
56153380,"Cipher.getInstance(""DESede/CBC/PKCS5Padding"""
65706100,Cipher.getInstance(&quot;RC2/CBC/NoPadding&quot;
73459626,Cipher.getInstance(&quot;DESede/CBC/PKCS7Padding&quot;
51930676,"Cipher.getInstance(""DESede/CBC/PKCS5Padding"""
54807346,"Cipher.getInstance(""Blowfish/CBC/PKCS5Padding"""
45834088,"Cipher.getInstance(""DESede/CBC/PKCS5Padding"""
30302000,"Cipher.getInstance(""Blowfish/CBC/PKCS5Padding"""
46982649,"Cipher.getInstance(""RSA/ECB/PKCS1Padding"""
47083486,"Cipher.getInstance(""DES/CBC/ZeroBytePadding"", ""BC"""
47845161,"Cipher.getInstance(""DESede/CBC/PKCS5Padding"""
15497578,"Cipher.getInstance(""Blowfish/CBC/NoPadding"", ""BC"""
27260435,"Cipher.getInstance(""Blowfish/CBC/ZeroBytePadding"""
17925215,"Cipher.getInstance(""DES/CBC/PKCS5Padding"""
17407909,"Cipher.getInstance(""DESede/CBC/NoPadding"""
16183525,"Cipher.getInstance(""DESede/CBC/PKCS5Padding"""
19546063,"Cipher.getInstance(""DESede/CBC/NoPadding"", ""BC"""
12914013,"Cipher.getInstance(""DES/CBC/PKCS5Padding"""
13546221,"Cipher.getInstance(""DES/ECB/NoPadding"""
14572834,"Cipher.getInstance(""Blowfish/CBC/PKCS5Padding"""
10634065,"Cipher.getInstance(""DES/CBC/PKCS5Padding"""
21050096,"Cipher.getInstance(""DES/CBC/PKCS5Padding"""
7418007,"Cipher.getInstance(""DES/CBC/PKCS5Padding"""
7900673,"Cipher.getInstance(""DESede/CBC/PKCS5Padding"""
12355491,"Cipher.getInstance(""DESede/CBC/NoPadding"", ""BC"""
9759283,"Cipher.getInstance(""DESede/CBC/PKCS5Padding"""
16185245,"Cipher.getInstance(""DES/CBC/PKCS5Padding"""
3970552,"Cipher.getInstance(""DESede/CBC/NoPadding"""
11138696,"Cipher.getInstance(""DES/CBC/PKCS5Padding"""
20824136,"Cipher.getInstance(""DES/CBC/PKCS5Padding"""
22654565,"Cipher.getInstance(""DES/CBC/NoPadding"""
10772978,"Cipher.getInstance(""Blowfish/CBC/PKCS5Padding"""
10825894,"Cipher.getInstance(""DES/ECB/ZeroBytePadding"", ""BC"""
18754635,"Cipher.getInstance(""DESede/CBC/PKCS5Padding"""
17465732,"Cipher.getInstance(""DESede/CBC/PKCS5Padding"""
15782110,"Cipher.getInstance(""DESede/CBC/PKCS5Padding"""
11928196,"Cipher.getInstance(""DESede/CBC/NoPadding"""
21083601,"Cipher.getInstance(""DES/CBC/PKCS5Padding"""
11411475,"Cipher.getInstance(""DES/CBC/PKCS5Padding"""
24226554,"Cipher.getInstance(""DESede/CBC/PKCS5Padding"""
22085107,"Cipher.getInstance(""DES/CBC/PKCS5Padding"""
36798967,"Cipher.getInstance(""DES/CBC/PKCS5Padding"""
32615486,"Cipher.getInstance(""DES/CBC/PKCS5Padding"""
37966464,Cipher.getInstance(&quot;DES/CBC/PKCS5Padding&quot;
41349341,"Cipher.getInstance(""Blowfish/CBC/PKCS5Padding"""
41592559,"Cipher.getInstance(""DESede"""
26969150,"Cipher.getInstance(""DESede/CBC/PKCS5Padding"""
43027584,"Cipher.getInstance(""DES/ECB/PKCS5Padding"""
43202243,"Cipher.getInstance(""DES/CBC/PKCS5Padding"""
46743292,"Cipher.getInstance(""DESede/CBC/NoPadding"""
42665178,"Cipher.getInstance(""DES"""
48946788,"Cipher.getInstance(""Blowfish"""
51298371,"Cipher.getInstance(""DESede/CBC/PKCS5Padding"""
42690538,"Cipher.getInstance(""DES"""
44233617,"Cipher.getInstance(""DESede/CBC/PKCS5Padding"""
37377862,"Cipher.getInstance(""DESede/CBC/PKCS5Padding"""
45837757,"Cipher.getInstance(""DESede/CBC/PKCS5Padding"""
53722364,"Cipher.getInstance(""DESede/CBC/PKCS5Padding"""
73448100,Cipher.getInstance(&quot;DESede/ECB/PKCS5Padding&quot;
50765275,"Cipher.getInstance(""DES/CBC/PKCS5Padding"""
72686617,Cipher.getInstance(&quot;DESede/CBC/NoPadding&quot;
54460484,"Cipher.getInstance(""DESede/ECB/NoPadding"""
48982710,"Cipher.getInstance(""DES/CBC/PKCS5Padding"""
55775870,"Cipher.getInstance(""Blowfish/CBC/PKCS5Padding"""
43205977,"Cipher.getInstance(""DES/CBC/PKCS5Padding"""
43270291,"Cipher.getInstance(""DES/CBC/PKCS5Padding"""
44365286,"Cipher.getInstance(""DES/CBC/PKCS5Padding"""
24839323,"Cipher.getInstance(""RC2/CBC/PKCS5Padding"""
56145623,"Cipher.getInstance(""DESede/CBC/NoPadding"""
58191393,"Cipher.getInstance(""DES/CBC/PKCS5Padding"", ""CB"""
39392533,"Cipher.getInstance(""DESede/CBC/PKCS5Padding"""
39396113,"Cipher.getInstance(""DESede/CBC/PKCS5Padding"""
39622158,"Cipher.getInstance(""DES/ECB/PKCS5Padding"""
27034374,"Cipher.getInstance(""DES/CBC/PKCS5Padding"""
30478025,"Cipher.getInstance(""DES/CBC/PKCS5Padding"""
35599799,"Cipher.getInstance(""DESede/CBC/NoPadding"", ""BC"""
39038291,"Cipher.getInstance(""desede/CBC/PKCS5Padding"""
49066575,"Cipher.getInstance(""DES/CBC/PKCS5Padding"""
25480250,"Cipher.getInstance(""DESede/CBC/PKCS5Padding"""
16231224,"Cipher.getInstance(""DESede/CBC/PKCS5Padding"""
16336017,"Cipher.getInstance(""DESede/CBC/PKCS5Padding"",""SunJCE"""
12313559,"Cipher.getInstance(""DES/CBC/NoPadding"""
4625301,"Cipher.getInstance(""DES/CBC/PKCS5Padding"""
6802368,"Cipher.getInstance(""DES/CBC/PKCS5Padding"""
7572793,"Cipher.getInstance(""DESede/CBC/PKCS5Padding"""
22905541,"Cipher.getInstance(""DES/CBC/PKCS5Padding"""
10833113,"Cipher.getInstance(""DESede/CBC/PKCS5Padding"""
41592559,"Cipher.getInstance(""DESede"""
3040694,"Cipher.getInstance(""DESede/CBC/PKCS5Padding"""
9212749,"Cipher.getInstance(""DESede/CBC/PKCS5Padding"""
